inDegrees=no
num_controls=21
num_derivatives=0
num_input_controls=0
num_iterations=2
num_multipliers=0
num_parameters=0
num_slacks=0
num_states=33
objective=44583.986507
objective_goal=44582.413773
objective_myeffort=1.572734
solver_duration=6.709179
status=Maximum_Iterations_Exceeded
success=false
DataType=double
version=3
OpenSimVersion=4.5.2-2025-05-03-6a4c6ec41
endheader
time	/jointset/shoulder/elv_angle/value	/jointset/shoulder/extension_angle/value	/jointset/shoulder/rotation_angle/value	/jointset/humerus_ulna/elbow_flex/value	/jointset/ulna_radius_pj/radius_rot/value	/jointset/wrist/wrist_angle/value	/jointset/shoulder/elv_angle/speed	/jointset/shoulder/extension_angle/speed	/jointset/shoulder/rotation_angle/speed	/jointset/humerus_ulna/elbow_flex/speed	/jointset/ulna_radius_pj/radius_rot/speed	/jointset/wrist/wrist_angle/speed	/forceset/Pectoralis_Clavicle_Head/activation	/forceset/Biceps_Short_Head/activation	/forceset/Biceps_Long_Head/activation	/forceset/Deltoid_Medial/activation	/forceset/Triceps_Lat_Head/activation	/forceset/Triceps_Long_Head/activation	/forceset/Brachialis_Proximal_Head/activation	/forceset/Brachialis_Distal_Head/activation	/forceset/Anconeus/activation	/forceset/Deltoid_Posterior/activation	/forceset/Anconeus_Short_Head/activation	/forceset/Subscapularis_SuperiorHead/activation	/forceset/Infraspinatus/activation	/forceset/PronatorTeres/activation	/forceset/FlexorCarpiRadialis/activation	/forceset/Brachioradialis/activation	/forceset/Triceps_Medial_Head/activation	/forceset/Latissimus_Dorsi_Rostral/activation	/forceset/Latissimus_Dorsi_Caudal/activation	/forceset/Pectoralis_Major_Anterior/activation	/forceset/Pectoralis_Major_Posterior/activation	/forceset/Pectoralis_Clavicle_Head	/forceset/Biceps_Short_Head	/forceset/Biceps_Long_Head	/forceset/Deltoid_Medial	/forceset/Triceps_Lat_Head	/forceset/Triceps_Long_Head	/forceset/Brachialis_Proximal_Head	/forceset/Brachialis_Distal_Head	/forceset/Anconeus	/forceset/Deltoid_Posterior	/forceset/Anconeus_Short_Head	/forceset/Subscapularis_SuperiorHead	/forceset/Infraspinatus	/forceset/PronatorTeres	/forceset/FlexorCarpiRadialis	/forceset/Brachioradialis	/forceset/Triceps_Medial_Head	/forceset/Latissimus_Dorsi_Rostral	/forceset/Latissimus_Dorsi_Caudal	/forceset/Pectoralis_Major_Anterior	/forceset/Pectoralis_Major_Posterior
0	1.762632444826595	-0.3690430874108393	-0.2363024198810982	-0.134672282675167	-0.1627839598273149	-0.2268230020999908	-0.6053673097845099	3.552559884558764	1.276681232312472	2.043212056062738	-0.0030677053253065	-1.762129651273876e-07	0.4947872536515368	0.4892357061238006	0.375588295647361	0.482281643315432	0.6381512011784863	0.3791929985551191	0.432551103760724	0.3050613934382216	0.4756228650125919	0.05003339720080154	0.5106309451437094	0.6984144285245508	0.556079436469854	0.409794563073367	0.4913632278785027	0.5038955215006927	0.6809468254061979	0.4891061591858951	0.5392106318572752	0.4285690938069227	0.4628194485421554	0.484252330690678	0.4955188465269588	0.4681052410923699	0.4924662478919454	0.5460294408687572	0.3223920625545197	0.4744108990981397	0.4349312209393114	0.4918372684519921	0.04985728996783474	0.5029859668602393	0.4583862993578098	0.5208231300631396	0.474083402843626	0.4861442344184814	0.4986771860113967	0.5556017318841122	0.4393708206098905	0.4508268061736363	0.2690915838129661	0.3247287569603739
0.00326666666666666	1.177953801647053	0.3178849416961937	-0.2434326614642038	0.1088944000949347	-0.1627848093242544	-0.2268230020999908	-0.8761161279620927	3.259778226683195	1.775385508724234	1.839910353484272	0.001168712137820856	8.810648256370266e-08	0.4932236972259934	0.4903686366697881	0.3914794446700255	0.4839878767439943	0.6218113284834391	0.3749472313323051	0.4400444151574238	0.3295758396748211	0.478501867715006	0.04999118692865082	0.5092851720334928	0.6573985727207136	0.549785874280653	0.4218193941693263	0.4916215858171374	0.5026611216327032	0.6584300512116836	0.4813995750254045	0.5249553413234006	0.4046660579245611	0.4415159249215458	0.4864451484997239	0.4965574373779197	0.4741455265358786	0.4926232101367164	0.5338478248015391	0.3831884610688941	0.4806723512078708	0.468398350031932	0.4939919583394928	0.04988947597959818	0.5021039058801606	0.4447648293254323	0.5157013661658997	0.4895764251514537	0.4993262793193222	0.4943725156453245	0.5354709254268087	0.4459051305458645	0.4557924540978714	0.2996003316384777	0.3440444717961179
0.00653333333333332	1.174985803395864	0.3273950724238751	-0.238775120665686	0.1139230886974556	-0.1627853330090813	-0.2268230020999908	-0.8998578009476931	2.4819016345558	0.8365861416189555	1.159332574020365	-0.002868228521675082	-1.762129651274286e-07	0.4922858793450307	0.4914858345678352	0.4057278940840207	0.4854359430744288	0.6061603284631851	0.3815381657726243	0.4473317382931084	0.3555622274712585	0.4812601008851219	0.04996880599087315	0.5080166154163019	0.6209337961480282	0.5436865397888673	0.4344173502373196	0.4940326165151537	0.5009153012016658	0.6363002491912256	0.4760637226569734	0.5138978786596912	0.3898249048659159	0.426979875207902	0.48863796630877	0.497596028228881	0.4801858119793875	0.4927801723814878	0.5216662087343216	0.4439848595832688	0.4869338033176022	0.5018654791245528	0.4961466482269937	0.04992166199136163	0.5012218449000824	0.4311433592930552	0.5105796022686601	0.5050694474592816	0.5125083242201633	0.4900678452792526	0.5153401189695057	0.4524394404818388	0.4607581020221067	0.3301090794639896	0.3633601866318621
0.009799999999999979	1.171835124588245	0.3350258792654783	-0.2366765655378134	0.1175748255076985	-0.1627857356224002	-0.2268230020999908	-1.016884682342906	2.185080255460482	0.4589451285145719	1.06927291133999	0.001384008287105718	8.810648256373231e-08	0.4920752607610774	0.4925481127078588	0.4152062866921072	0.485653944576044	0.5917102144930091	0.391382013301129	0.4541665523547206	0.3769687062790612	0.4838077507075395	0.04998373976716988	0.5068647589756657	0.5894460724635897	0.539110091651819	0.4446420647408721	0.4967251467240677	0.5000616744106779	0.6167589408185665	0.4714337242160229	0.5062051669859696	0.3826863397267118	0.4184191404729445	0.4932703740720186	0.4981441306387776	0.4462975615560778	0.4810403035211667	0.5168318178827086	0.4376798794066392	0.4898902887396945	0.4673873267674022	0.4970073309621197	0.05011986306416294	0.5009563948578472	0.4315660160371041	0.521401183736705	0.4872043919254051	0.5080847158997962	0.5011792369955113	0.5217149711630971	0.4442097163333444	0.4740601238228583	0.3627997815621054	0.3869387426385191
0.01306666666666664	1.168422154477541	0.3416386510745755	-0.2357067620393414	0.1208622803149257	-0.1627843772738627	-0.2268230020999908	-1.060444313039868	1.858614879959938	0.1455137154554765	0.9363027762555528	-0.001790088609619181	-1.762129651274339e-07	0.4926713808110398	0.4935247455389484	0.4174614988910589	0.483880012687452	0.5788613374784812	0.3985348823414123	0.4603553537621451	0.3890505611008136	0.4860743802634408	0.05004752351012404	0.505860548277745	0.5632679126942017	0.53709798645572	0.4501838366146053	0.4982323603306719	0.5012007033927008	0.6015301632113133	0.4662041429551375	0.5020078973040673	0.3821851219142497	0.4152133487072819	0.4979027818352674	0.4986922330486743	0.4124093111327683	0.4693004346608459	0.511997427031096	0.4313748992300098	0.492846774161787	0.4329091744102518	0.4978680136972458	0.05031806413696425	0.5006909448156119	0.4319886727811532	0.53222276520475	0.4693393363915287	0.5036611075794293	0.5122906287117702	0.5280898233566885	0.4359799921848502	0.4873621456236101	0.3954904836602213	0.4105172986451762
0.0163333333333333	1.164977402086977	0.3471972877948621	-0.2355849036788793	0.1236920182258905	-0.162785970288879	-0.2268230020999908	-1.042694159940918	1.548149498788153	-0.05917800533556444	0.7954569918157238	0.0003925678240300187	8.810648256372526e-08	0.4933318801949506	0.4943812595781258	0.4199798955668813	0.4825594655210895	0.5678193493392498	0.4048546148911951	0.4657334381980903	0.3995498842002849	0.488022845664235	0.05009699231885409	0.5050083596611414	0.5430241659172201	0.5352384747532791	0.4549251028283622	0.498785176792616	0.5021979513248134	0.588496598476698	0.4628654266381539	0.4993610926567345	0.3846612192426488	0.4147875607680195	0.4954563747165113	0.4986654202788273	0.4517264533784027	0.4822083680772549	0.5127748739995385	0.4414334344352879	0.4925836167377761	0.4702976506201373	0.4977317699374017	0.05015748969202244	0.5007720187003738	0.4503243988313792	0.5199272277643751	0.4875346842105131	0.4995705858452644	0.502388814747683	0.5182725547002555	0.4557116952612522	0.4848667618363321	0.3986091976295744	0.4146635459509028
0.01959999999999996	1.161648390838041	0.3517762081933326	-0.2360167651432656	0.1260544781689946	-0.1627845709064795	-0.2268230020999908	-0.9895823895937903	1.258788560480753	-0.1934984222068129	0.6502142245040282	4.199144092949331e-05	-1.762129651274346e-07	0.4934748319379766	0.4950906321080508	0.4286304505024444	0.4836091193323814	0.5587455097439087	0.4117973841170312	0.4701717233075356	0.414531135001137	0.4896240314260047	0.05009047423925016	0.5043116234424483	0.5292037373701464	0.531640769583958	0.461908121902079	0.4985645731468923	0.5013799999309699	0.5759977347224463	0.463369978162095	0.4967393007439377	0.3872450681758556	0.4151233867809966	0.4930099675977554	0.4986386075089804	0.4910435956240372	0.495116301493664	0.5135523209679812	0.451491969640566	0.4923204593137652	0.5076861268300229	0.4975955261775576	0.04999691524708063	0.5008530925851357	0.4686601248816052	0.5076316903240001	0.5057300320294974	0.4954800641110995	0.4924870007835959	0.5084552860438223	0.4754433983376544	0.4823713780490541	0.4017279115989276	0.4188097932566293
0.02286666666666662	1.158532781560181	0.3554541918553587	-0.2368049748732282	0.1279434894021679	-0.1627850155843496	-0.2268230020999908	-0.9165186492446279	0.9995947235698047	-0.2822547162470651	0.5087711799787424	-0.0001998473219341233	8.810648256361528e-08	0.4934487904430488	0.4956776562617457	0.4389042628056437	0.4855432130397478	0.5512956214398382	0.418285851324725	0.4738314844792159	0.4295176522083587	0.4909387415043652	0.05006613138701226	0.5037425186929926	0.519659960717096	0.527668746659993	0.468936891429579	0.4978864116012034	0.5000218248693822	0.5649902344281729	0.4655219319826368	0.4944965043358258	0.3903104477966973	0.4163520897676821	0.4936096835882436	0.4986078257641089	0.4898482764783187	0.4953685008350945	0.5142345052942984	0.45018712909859	0.4920660631099484	0.5016766129665924	0.4974766593005638	0.05000015488097927	0.5009192929707434	0.4746906612895336	0.5078328241537319	0.5027083402382263	0.4935416340164502	0.4938869651196035	0.5109140132648943	0.4771488980301639	0.4840701432611629	0.4094396253216774	0.4260161506899176
0.02613333333333328	1.155669712654006	0.3583497298616816	-0.2378162442074616	0.1293944429214501	-0.1627851291892584	-0.2268230020999908	-0.8349658355005327	0.7797401998462195	-0.3300655268625094	0.3820156241625727	0.0002446891722909439	-1.762129651274799e-07	0.493526984122398	0.4961617676690844	0.4472671447970822	0.4871971073317756	0.5451998545507444	0.4234756280260251	0.4768391503778898	0.4410019877940542	0.4920146397535724	0.050049140521009	0.5032792362665446	0.5127095024369259	0.5243916635513155	0.4742904029932499	0.4969983133956669	0.4991229925788409	0.5562241891559243	0.4675997225318337	0.4929101972031097	0.3941503893371852	0.4185765678750561	0.4942093995787317	0.4985770440192372	0.4886529573326001	0.4956207001765246	0.5149166896206153	0.4488822885566137	0.4918116669061314	0.4956670991031616	0.4973577924235698	0.0500033945148779	0.500985493356351	0.4807211976974618	0.5080339579834634	0.4996866484469549	0.4916032039218007	0.4952869294556108	0.5133727404859659	0.4788543977226731	0.4857689084732715	0.4171513390444269	0.4332225081232056
0.02939999999999994	1.153074467667976	0.3605976487792808	-0.2389217909838419	0.1304638657139211	-0.1627847651786943	-0.2268230020999908	-0.7545834004947477	0.6030949174820546	-0.3420362284238601	0.2759332098498142	1.136049059560692e-06	8.81064825642079e-08	0.4936599737893868	0.4965655805148552	0.4543536510384081	0.4886872335217537	0.5401583652086174	0.4276798255535326	0.4793384555741097	0.4498960236930062	0.4929045703454505	0.05003583567294081	0.502898239188434	0.5077614871297959	0.5215989198748685	0.4784069267949214	0.4957764195895053	0.4985460939863577	0.5491637785388074	0.4696795741495992	0.4917945942528589	0.3984286423724947	0.4214286425782241	0.4944386794491948	0.4986052308359325	0.4910667115595724	0.4966758319857651	0.5147949693671456	0.4486453287208863	0.4919359254183333	0.4933147424687745	0.4973800357257221	0.04999484525377736	0.5009877267042624	0.4850158608341155	0.5071584620386326	0.4984424300446376	0.4877946092018253	0.495996181417421	0.5140352598845364	0.4813053179102692	0.4866044648389823	0.4224772607456758	0.438109896867155
0.0326666666666666	1.150735692706392	0.3623327970853787	-0.240019758595514	0.1312181144381324	-0.1627849717512145	-0.2268230020999908	-0.6779433715543558	0.4657990091311573	-0.3254252219391697	0.1890519089015717	-0.0001046474098332249	-1.76212965127449e-07	0.4938090038893528	0.4969068221024369	0.4606612957317256	0.4901048627690915	0.5359360858224997	0.4311438771847108	0.4814420723235939	0.4569142143758769	0.4936499572389114	0.05002379830477129	0.5025810766034436	0.5043526043875659	0.5191254137856764	0.481629928511113	0.4941236398094606	0.4981834017179849	0.5433888630158625	0.4718212736793274	0.4910040174913548	0.4028816533966985	0.4246197174624436	0.4946679593196579	0.4986334176526278	0.4934804657865446	0.4977309637950055	0.5146732491136761	0.4484083688851588	0.4920601839305352	0.4909623858343876	0.4974022790278744	0.04998629599267683	0.5009899600521737	0.4893105239707692	0.5062829660938016	0.4971982116423203	0.4839860144818499	0.4967054333792313	0.5146977792831069	0.4837562380978654	0.4874400212046932	0.4278031824469247	0.4429972856111042
0.03593333333333326	1.148638124061923	0.3636797583980858	-0.2410253245533271	0.131719495969399	-0.1627849804282048	-0.2268230020999908	-0.6074410963081068	0.3633428313201438	-0.2889382025709302	0.1201119383321821	5.795435631711123e-05	8.810648256550808e-08	0.4939148063019121	0.4972033392268719	0.4667986830020199	0.4915488717309774	0.5323068682304597	0.4341727084138198	0.4832612459089123	0.4630586764872859	0.4942907389892301	0.05001009398443045	0.5023104742716897	0.5020101333222814	0.5167938176153998	0.4844401245858031	0.4924212677361923	0.4978518339445364	0.5384095467270306	0.4741258004347185	0.4904214978061132	0.4071121684585582	0.4277005077750539	0.4942353392308649	0.4987454316923781	0.5014612149914134	0.4997988235462021	0.5135409980649921	0.4502603198058482	0.4926954818662427	0.4965800632090784	0.4976030606390294	0.04995907587251523	0.5009175865293746	0.4911463425013583	0.5039691361719189	0.4997929803384452	0.4837803112480189	0.4956990413903383	0.5121912305446169	0.4875135753262294	0.4875558809353266	0.428829143553881	0.4433023908220319
0.03919999999999992	1.146759506931686	0.3647358516901243	-0.2418990653945245	0.1320171901120971	-0.1627848634694082	-0.2268230020999908	-0.5438914240657167	0.2877165474974107	-0.2447159668683669	0.06434534447190995	-2.772754027334988e-05	-1.762129651252717e-07	0.4939309207686824	0.4974691219352407	0.4732428647518516	0.4930967685554275	0.5290934164019728	0.4370053219106373	0.4848831782228173	0.4691146086118653	0.4948582228723016	0.04999278682733404	0.5020728907721912	0.5003634626578222	0.5144651124762856	0.4872142636758101	0.4909682049594417	0.4974078610792297	0.5338417078578734	0.4766723233320812	0.4899553318880913	0.4108088174351311	0.4303188300036072	0.4938027191420719	0.4988574457321283	0.509441964196282	0.5018666832973986	0.512408747016308	0.4521122707265375	0.4933307798019502	0.502197740583769	0.4978038422501841	0.04993185575235362	0.5008452130065755	0.4929821610319474	0.501655306250036	0.50238774903457	0.4835746080141878	0.4946926494014452	0.5096846818061267	0.4912709125545934	0.4876717406659599	0.4298551046608372	0.4436074960329596
0.04246666666666658	1.145077223417716	0.3655810724007402	-0.2426270652259449	0.1321500764458413	-0.1627849673198756	-0.2268230020999908	-0.4871573501071978	0.2324536178629082	-0.2017805539377149	0.01840778762386983	-2.467809008614024e-05	8.810648255725736e-08	0.4939168350596067	0.4977125447591713	0.4792903102502573	0.4945042080800668	0.5261858122205214	0.4395461038919292	0.4863609324809233	0.4746016017763432	0.495371812731743	0.04997731428990159	0.5018597352729804	0.4989753088259278	0.5123470019194593	0.4897139534737942	0.4899058586342385	0.4970130634824784	0.5297220062021325	0.4791030307874373	0.4896599452487896	0.414062701633146	0.4325021884505675	0.4938872713563131	0.4990060486858536	0.5097987930544169	0.5012810432719215	0.510820488048646	0.4524523318161786	0.4941928268216316	0.5020155629436954	0.4980852195549275	0.0499367230543989	0.5007382812126739	0.49108791670053	0.5017792487822206	0.5021195330914402	0.4855232605145139	0.4953535989439489	0.508429938973651	0.4913227646094473	0.4886575252539835	0.4308800997481972	0.4433094860142218
0.04573333333333324	1.143569694308935	0.3662721108980523	-0.2432224762905022	0.1321465627859555	-0.1627849516811787	-0.2268230020999908	-0.4368989310935114	0.1933192740461483	-0.163539170829667	-0.0191648557096728	4.542909095184033e-05	-1.762129651240806e-07	0.4939191815164703	0.4979401724537431	0.4843895530687265	0.4955796469666419	0.5234978809761834	0.4417201066458088	0.4877361029793571	0.4791431840322272	0.4958467189412258	0.0499672634971707	0.5016642733497331	0.4975028532363658	0.5106023054860732	0.4917523459845775	0.4893450734627901	0.4967941120410412	0.5260791756349089	0.4811374409701247	0.4895779996842112	0.4169452397354736	0.4342721378158088	0.4939718235705544	0.4991546516395789	0.5101556219125518	0.5006954032464443	0.509232229080984	0.4527923929058199	0.4950548738413131	0.5018333853036219	0.4983665968596709	0.04994159035644417	0.5006313494187725	0.4891936723691127	0.5019031913144052	0.5018513171483103	0.4874719130148401	0.4960145484864527	0.5071751961411753	0.4913746166643012	0.4896433098420071	0.4319050948355574	0.4430114759954841
0.0489999999999999	1.142216193341127	0.366856916550088	-0.243703585122629	0.1320319840672526	-0.1627849273334792	-0.2268230020999908	-0.3926029544240611	0.1662925916780384	-0.1320328681649299	-0.05000541682261017	-1.712493576427163e-05	8.810648256622502e-08	0.4939520290798369	0.498153540898809	0.4884653461158415	0.496311461191662	0.5210025624481223	0.4435471684115386	0.4890199133504166	0.4827450020951933	0.4962876761286807	0.049962593080254	0.5014840871108396	0.4958931488691034	0.5092368779185529	0.4933339116860134	0.4891583598717588	0.4967569567017776	0.5228840230955479	0.4827367761858716	0.4896863103148719	0.4195357523114798	0.4357165523783076	0.4942539769085602	0.4992896477173288	0.5077340167024157	0.4993095613218949	0.5077662821507593	0.4526308551281807	0.4958431391430637	0.4998243254412252	0.4986260407429892	0.04995700204257008	0.5005314916679131	0.4865107424173574	0.5028423278666914	0.500712339124982	0.4889309131876747	0.497096797337249	0.5065317035814321	0.4901797496981449	0.4907845276906549	0.4331160815666628	0.4429153609325435
0.05226666666666656	1.140999279892546	0.3673687974116042	-0.2440917263554375	0.1318262631569817	-0.1627849760344101	-0.2268230020999908	-0.35327391932231	0.1486714431158453	-0.106620232471663	-0.0749661974859865	7.054396790185107e-07	-1.762129651276785e-07	0.4940264063338244	0.4983538540594814	0.4914586636180694	0.4966905341033485	0.5186786405831882	0.4450428325484235	0.490221161165867	0.4854114404674726	0.4966983956617209	0.04996327571807607	0.5013172811439595	0.4941046873677661	0.5082553016430832	0.4944621447135084	0.4892457790374156	0.4969062604435029	0.5201136504264576	0.4838706346020064	0.4899667012794376	0.4218964184812063	0.4369043119614766	0.4945361302465658	0.4994246437950784	0.5053124114922793	0.4979237193973451	0.5063003352205342	0.4524693173505412	0.4966314044448139	0.4978152655788283	0.4988854846263073	0.04997241372869599	0.5004316339170535	0.4838278124656018	0.5037814644189773	0.4995733611016535	0.490389913360509	0.4981790461880449	0.5058882110216885	0.4889848827319882	0.4919257455393026	0.434327068297768	0.4428192458696025
0.05553333333333321	1.139903545258123	0.3678355175751851	-0.2444062212631404	0.1315475669951174	-0.1627849648265748	-0.2268230020999908	-0.3181739088411653	0.1378535028343472	-0.08679303386203924	-0.09499077719463932	3.729561408455581e-06	8.810648256221282e-08	0.4941257702154069	0.4985406500601543	0.4936355241462773	0.4968134812828076	0.5165254524272921	0.4462926194636122	0.4913383479885211	0.4874262682360404	0.4970789644412863	0.04996712569929142	0.5011634958265238	0.4922150416655812	0.5075632553518362	0.4952784243836146	0.4895084728617698	0.4971668809230928	0.5176836067440412	0.4846523032858589	0.4903605299359234	0.4240201565765677	0.4378604127156982	0.4947076427018504	0.4995281207967041	0.5038399744477262	0.4969637116216311	0.5051693435807677	0.4526459071005454	0.4972369851030072	0.4972551105901577	0.4990854684201668	0.04998273672997589	0.5003543252274774	0.4816959260258074	0.5043837352309982	0.499182482848421	0.491239622963845	0.4987542718880426	0.505104707118387	0.4881854591908583	0.4927245479966514	0.4349955733544141	0.4425024403103575
0.05879999999999988	1.138916689748476	0.3682745226226732	-0.2446644278859053	0.1312100558255208	-0.1627849675239427	-0.2268230020999908	-0.2866132306835972	0.1317030046917921	-0.07215801720362737	-0.1109753858934889	-7.807949994037053e-06	-1.762129651300876e-07	0.4942371527539589	0.4987135668334032	0.4952044308380204	0.4967560387276418	0.5145424768290957	0.447363558369708	0.4923702989604805	0.4890118443777842	0.4974294505438092	0.04997270109873721	0.5010224492387766	0.4902850273328925	0.5070867959744898	0.4958935576676075	0.4898689468364993	0.4974799107948464	0.5155276742850975	0.485170584605923	0.4908218272821646	0.4259014187009728	0.438604447789301	0.4948791551571344	0.4996315977983294	0.5023675374031725	0.4960037038459167	0.5040383519410007	0.452822496850549	0.4978425657612001	0.4966949556014867	0.4992854522140259	0.04999305973125578	0.5002770165379006	0.4795640395860126	0.5049860060430187	0.4987916045951881	0.4920893325671807	0.49932949758804	0.504321203215085	0.4873860356497279	0.493523350454	0.4356640784110598	0.4421856347511121
0.06206666666666654	1.138027882220247	0.3686989301464942	-0.2448828264596162	0.1308260404302742	-0.16278498525097	-0.2268230020999908	-0.2579820222148424	0.1284379935336639	-0.06218991091141832	-0.1236354906719098	-2.752899399917537e-06	8.810648257281599e-08	0.4943569111822311	0.4988720984526859	0.496264661591452	0.4965609972948731	0.5127320718418454	0.4482849295613472	0.4933147032076217	0.4902403866630836	0.4977494715115142	0.04997939446994977	0.5008940853324407	0.4883626398955983	0.5067861390638216	0.4963446647537839	0.4902658725707285	0.4978247682680125	0.5136255216108818	0.4854724744464645	0.4913221814087996	0.4275662351450288	0.4391813748667812	0.4950320541207757	0.4997013920734433	0.5008414822821046	0.4951839859406817	0.5032753481389448	0.4529840405167886	0.4982506061997139	0.496120930380297	0.4994207907998039	0.05000244394741695	0.5002245286886453	0.4779135103096149	0.5055535587992791	0.4984328701552439	0.4924164724673631	0.4997685346214403	0.5038475569436016	0.4866100833899232	0.4941244599806802	0.4361523861581758	0.4419710402941415
0.0653333333333332	1.137228414997316	0.3691156086068821	-0.2450748808060345	0.1304055744738899	-0.1627849835989922	-0.2268230020999908	-0.2319150845829114	0.1269709250388498	-0.05602889845300629	-0.1332920559778025	4.056747026536017e-06	-1.762129651378822e-07	0.4944821900070557	0.4990158483186301	0.4968940320763539	0.4962619009405381	0.5110960849773791	0.4490796815820042	0.4941697490595075	0.4911684813155343	0.4980387275050295	0.04998680508049137	0.500778360164271	0.48648550646062	0.506630096144148	0.4966608384043104	0.4906511740243235	0.4981853186538965	0.5119612045375997	0.4855948117600025	0.4918393212275745	0.429035010801391	0.4396264348241167	0.4951849530844164	0.4997711863485569	0.4993154271610362	0.4943642680354463	0.5025123443368886	0.453145584183028	0.4986586466382273	0.4955469051591069	0.4995561293855815	0.05001182816357809	0.5001720408393897	0.476262981033217	0.5061211115555388	0.4980741357152993	0.4927436123675453	0.5002075716548403	0.5033739106721178	0.4858341311301181	0.4947255695073601	0.4366406939052914	0.4417564458371704
0.06859999999999987	1.1365102884427	0.3695292987384837	-0.2452520837499081	0.1299580608272402	-0.1627849875384234	-0.2268230020999908	-0.2080856362368557	0.1263698300379632	-0.05277266215178297	-0.1402706498038102	-4.285108349719708e-06	8.810648254548736e-08	0.4946100120576587	0.4991447515376296	0.4971827017225435	0.4958949664721689	0.5096330312381557	0.4497694210120214	0.4949355685860197	0.4918419446336498	0.4982974350436243	0.04999449985531405	0.500675057057538	0.4846975871627392	0.5065843222174924	0.496865311323309	0.4909785007767958	0.4985495728876101	0.5105193590719908	0.485581963130454	0.4923541329363609	0.4303372425323047	0.4399806740747185	0.4953140343473318	0.4998106570053358	0.4979832664487436	0.4937605273041464	0.5020807447688116	0.4533067566381289	0.4988895065772503	0.4949079077330086	0.4996324719788261	0.05001951725682685	0.5001422930664452	0.4752177586988744	0.5065757126881834	0.4977174581956034	0.4925047682352262	0.5005376143110788	0.5031958294019526	0.4852185410518128	0.4951364731191499	0.4370822237779628	0.44175867511533
0.07186666666666652	1.135866757016346	0.3699416239032259	-0.2454216872858832	0.1294919178039975	-0.1627849973292692	-0.2268230020999908	-0.1862445978918486	0.1261352310433927	-0.05137619973974551	-0.1446977967489947	4.742482676123399e-07	-1.76212965140432e-07	0.4947380435806842	0.4992587572348352	0.4972013445684388	0.4954885847652866	0.5083417456522076	0.4503710826046592	0.4956122651212346	0.4922966778921005	0.4985257638299017	0.05000219309400647	0.5005840061538217	0.4830333447005375	0.5066218937696702	0.4969762925401888	0.491211518006023	0.4989081325704334	0.5092879370574227	0.4854687071780703	0.4928516339642524	0.4314960515895963	0.4402762677076735	0.4954431156102472	0.4998501276621147	0.4966511057364511	0.4931567865728464	0.5016491452007346	0.4534679290932299	0.4991203665162733	0.4942689103069103	0.4997088145720706	0.0500272063500756	0.5001125452935007	0.4741725363645317	0.5070303138208279	0.4973607806759074	0.4922659241029069	0.5008676569673172	0.5030177481317876	0.4846029509735074	0.4955473767309397	0.4375237536506341	0.4417609043934896
0.07513333333333318	1.135291534683031	0.3703532550467983	-0.245588741568539	0.1290153045445187	-0.1627849971590138	-0.2268230020999908	-0.1662076770367797	0.1258142995421412	-0.05097508191943088	-0.1467455347963407	-5.573579873813352e-07	8.810648255900811e-08	0.4948601887112863	0.4993584304887999	0.4970637493748826	0.4950801862320836	0.5072141307732149	0.450912636854814	0.49620371506955	0.4926109683808986	0.4987251381707806	0.05000934868093503	0.500504611253588	0.481524339779598	0.5067046285762054	0.4970318483341833	0.4913420064946105	0.4992432551784879	0.5082371909386134	0.485305681489534	0.4933160215189377	0.4325213128679872	0.4405281767500691	0.4955012391267768	0.4998664196462886	0.4961111188785303	0.4929124398545172	0.5014662175068973	0.4537803409678274	0.4992183580837691	0.4941086648171999	0.4997410758272678	0.05003101809078904	0.5001003205673235	0.4737442338514361	0.507204494027782	0.4972627553657691	0.4917422230834486	0.5009785658373521	0.5029119926178047	0.4843794305800891	0.4957386386950198	0.437794033689074	0.4418210028784687
0.07839999999999983	1.134779067996762	0.3707631563524374	-0.245755202397307	0.128535536915147	-0.1627850021946798	-0.2268230020999908	-0.1478227731701308	0.1250761465944951	-0.05101286062478019	-0.1466290436221889	-2.713050512350303e-06	-1.762129651345324e-07	0.4949716689488287	0.499444214258734	0.4968591142769945	0.494699113038474	0.5062438380379328	0.4514160075116874	0.4967129569017602	0.4928461716268723	0.4988966745506677	0.05001561293659293	0.5004364049903566	0.4801953138592228	0.5068025953619135	0.4970618159320864	0.4913635231202957	0.4995410322402007	0.5073437972224024	0.4851325805698345	0.4937349082898241	0.4334207668100012	0.4407481287434	0.4955593626433067	0.4998827116304627	0.4955711320206096	0.4926680931361881	0.5012832898130604	0.454092752842425	0.499316349651265	0.4939484193274896	0.499773337082465	0.05003482983150247	0.5000880958411463	0.4733159313383406	0.507378674234736	0.497164730055631	0.4912185220639904	0.5010894747073871	0.5028062371038222	0.4841559101866709	0.4959299006590998	0.438064313727514	0.4418811013634479
0.0816666666666665	1.134324106848533	0.3711696615043275	-0.2459219682820593	0.1280594776623479	-0.162785006539096	-0.2268230020999908	-0.1309646434416178	0.1236638987199862	-0.05105252228335886	-0.1445439249963013	-4.300643316103226e-07	8.810648251284814e-08	0.4950700086777878	0.4995172834631226	0.4966451233925379	0.4943611906005489	0.5054181358562915	0.4518959616874048	0.497146507125125	0.4930392603761555	0.4990426101686496	0.05002085736200663	0.5003784600331955	0.4790497435488004	0.5068970973669432	0.4970834587146109	0.4912949768798296	0.4997964957432287	0.5065860381667091	0.4849734981928467	0.4941034818339168	0.4342039055979103	0.4409425344494826	0.4955671688529762	0.4998849817542987	0.4955723975974901	0.4926636963512333	0.5012658771727481	0.4545016484345132	0.4993262152784219	0.4940627434211856	0.4997761169390407	0.05003593025868174	0.5000873897019331	0.473288251553535	0.5073643776082003	0.4972176400332231	0.490698286155862	0.5010675312081373	0.5027607571872164	0.484194332172497	0.4959738141428078	0.4381940849249673	0.4419523410599283
0.08493333333333317	1.133921865797333	0.3715701748459019	-0.2460885091722157	0.1275930902213938	-0.1627850081617857	-0.2268230020999908	-0.115545162743547	0.1214076912990311	-0.05087510883140229	-0.1407075261660293	-1.046687367090558e-06	-1.762129651424155e-07	0.4951532672739031	0.4995785591131515	0.4964669944415083	0.4940788245267311	0.5047270429440629	0.452364074141921	0.4975094737690225	0.4932192123024033	0.4991646987348569	0.05002499718363284	0.5003300494419903	0.4780903535091104	0.5069734780561798	0.4971103084549497	0.4911511907555965	0.5000057514198134	0.5059468864018718	0.4848473211869818	0.4944179698089742	0.4348781694373365	0.4411164190846175	0.4955749750626463	0.4998872518781352	0.4955736631743709	0.492659299566279	0.5012484645324362	0.4549105440266017	0.4993360809055793	0.4941770675148819	0.4997788967956168	0.05003703068586102	0.5000866835627203	0.4732605717687298	0.5073500809816649	0.4972705500108155	0.490178050247734	0.501045587708888	0.5027152772706109	0.4842327541583236	0.4960177276265163	0.4383238561224209	0.4420235807564091
0.08819999999999982	1.133567741268777	0.3719617990387559	-0.2462539030341736	0.1271418803833028	-0.1627850114905388	-0.2268230020999908	-0.1014785779127729	0.1181970915750095	-0.05030637666210905	-0.1353168020507751	-9.459397493688822e-07	8.810648253670457e-08	0.4952219403376141	0.4996292265069665	0.496339886614047	0.4938530564234299	0.504156600856849	0.4528250101135251	0.4978091367323663	0.4933937129532489	0.4992653871065271	0.05002813085633964	0.5002901212845767	0.4773050915383285	0.5070271030991687	0.4971450368323088	0.4909553538475869	0.5001718646885012	0.5054120321872608	0.4847592381173385	0.4946806279363191	0.4354560883200326	0.4412750391764066	0.4955584215914081	0.499879813587019	0.4958241135041559	0.4927782053150883	0.5013367795850778	0.4553503619564225	0.4992900092938651	0.4943550687649912	0.4997626321585459	0.05003663336035494	0.5000927284895031	0.473464069552897	0.5072452716759063	0.4973651544751401	0.4897788534760259	0.5009671302247379	0.5027393737297864	0.4843977326800343	0.4959798781040951	0.438382541731122	0.4421153189578454
0.09146666666666649	1.133257482096904	0.3723413169875522	-0.2464166544238006	0.1267105008560095	-0.16278501404541	-0.2268230020999908	-0.08868882191735179	0.1139957051411963	-0.04925726862883936	-0.1285665195551966	-5.728821104157286e-07	-1.762129651345972e-07	0.4952764163589337	0.4996702147933714	0.4962756825980557	0.4936847026883999	0.503695866680119	0.4532824262807142	0.4980512024877176	0.4935687859858749	0.4993465933481248	0.05003032333029746	0.5002578509464554	0.4766845086868466	0.5070543395681486	0.4971897380880045	0.4907256441920601	0.5002972387302275	0.5049702563789759	0.4847133161576126	0.4948932244031484	0.4359474835306301	0.4414225151438882	0.4955418681201699	0.4998723752959027	0.4960745638339409	0.4928971110638975	0.5014250946377192	0.4557901798862432	0.4992439376821507	0.4945330700151003	0.4997463675214748	0.05003623603484885	0.5000987734162858	0.4736675673370639	0.5071404623701475	0.4974597589394644	0.4893796567043177	0.5008886727405878	0.5027634701889618	0.4845627112017449	0.4959420285816736	0.4384412273398231	0.4422070571592817
0.09473333333333316	1.132986995330859	0.3727054788957966	-0.24657511784939	0.1263031951134582	-0.162785015629566	-0.2268230020999908	-0.0771032291686362	0.1087990082254469	-0.04767598712540368	-0.1206415153836388	-4.723340589633426e-07	8.810648250849129e-08	0.4953179329189778	0.4997026198769526	0.4962750454787984	0.4935697738363838	0.5033314849328515	0.4537378420505515	0.4982427139300845	0.4937484800597582	0.4994107783815003	0.05003169339438416	0.5002323224031889	0.4762117140996411	0.5070555635100887	0.4972452394463557	0.4904815070414108	0.5003856935985247	0.5046090330367042	0.484708066082337	0.4950602517430663	0.4363630388889223	0.4415613485084342	0.4955114111011836	0.4998584108047752	0.4964585755670168	0.493084127202067	0.5015764011721725	0.4562407429945923	0.4991651280290867	0.4947596008642324	0.4997199530731107	0.05003481473020047	0.5001094077515292	0.4740025893417082	0.5069872787000059	0.4975839948338557	0.4891403943192238	0.5007734713049175	0.5028269935134426	0.4847945757132443	0.4958566535398564	0.4384519181617042	0.4423057907615561
0.0979999999999998	1.132752513330087	0.3730510816689765	-0.2467275811082572	0.1259233734307746	-0.1627850176234476	-0.2268230020999908	-0.0666450880768884	0.1026329693873999	-0.04558369716636179	-0.1117395441259173	-8.237345736974679e-07	-1.762129651180048e-07	0.4953474601425067	0.4997273008322602	0.4963384947383092	0.4935051423899934	0.503052985489425	0.4541924483649343	0.498389191777889	0.4939359684313537	0.4994598712996859	0.05003231941409052	0.5002128175793007	0.4758734658640385	0.5070310696828665	0.4973121893679976	0.4902381854649653	0.5004402239698184	0.5043185417956347	0.4847423204671346	0.4951852315257022	0.436711128556675	0.4416935000787477	0.4954809540821974	0.4998444463136477	0.496842587300093	0.4932711433402367	0.5017277077066259	0.4566913061029415	0.4990863183760229	0.4949861317133646	0.4996935386247467	0.05003339342555211	0.5001200420867727	0.4743376113463525	0.5068340950298642	0.4977082307282473	0.4889011319341299	0.5006582698692472	0.5028905168379236	0.4850264402247439	0.4957712784980392	0.4384626089835855	0.4424045243638305
0.1012666666666665	1.132550433804413	0.3733750106237866	-0.2468724081830216	0.1255740318237765	-0.1627850191233675	-0.2268230020999908	-0.05724030523441359	0.09554954249636438	-0.04302087940380493	-0.1020410479283526	-2.32155686178086e-07	8.81064825359994e-08	0.4953669257690664	0.4997453654653095	0.4964536502106884	0.4934829791276386	0.5028488291376669	0.4546445296374898	0.4984965539849184	0.4941297631032411	0.4994959214782273	0.05003234893858276	0.5001985056197078	0.4756507242683868	0.5069854265701385	0.4973889143908678	0.4900093519269894	0.5004654782599662	0.5040893895497679	0.4848090124913151	0.495273926029666	0.4370014181395407	0.4418205795997799	0.4954490902048495	0.4998280049588551	0.4972098334321393	0.4934670781399249	0.5019156295279099	0.4571201681356085	0.4989867278733027	0.4952108215520006	0.499660935732929	0.05003155030221578	0.5001329949341569	0.4747187395912464	0.5066829735749911	0.497835769734934	0.4888235886770728	0.500529650770892	0.5029854770126568	0.4852545769651038	0.4956692736076236	0.4384515052489429	0.4425087384277069
0.1045333333333331	1.132377476868954	0.3736744152716864	-0.2470082257882296	0.1252573718108808	-0.1627850200390017	-0.2268230020999908	-0.04881493080189989	0.0876180876055896	-0.04006769539714053	-0.09173040487952802	-4.66008662212292e-07	-1.762129651469853e-07	0.4953778409382359	0.4997576821804387	0.4966108073160436	0.4934971466421887	0.5027099696736179	0.4550927411403046	0.4985694394701302	0.4943286976113643	0.4995205354038336	0.05003187930748185	0.500188735213653	0.4755285630786458	0.5069222154508949	0.4974741027493944	0.4898057241270453	0.5004651004409683	0.5039142121858113	0.4849026026071471	0.4953308521634976	0.4372414837552421	0.4419438488604837	0.4954172263275016	0.4998115636040626	0.4975770795641857	0.4936630129396132	0.5021035513491943	0.4575490301682756	0.4988871373705825	0.4954355113906367	0.4996283328411114	0.05002970717887946	0.5001459477815412	0.4750998678361403	0.5065318521201181	0.4979633087416208	0.4887460454200158	0.5004010316725369	0.50308043718739	0.4854827137054638	0.4955672687172081	0.4384404015143005	0.4426129524915834
0.1077999999999998	1.132230522757037	0.3739466187422404	-0.2471338451667949	0.1249752103709239	-0.1627850212043228	-0.2268230020999908	-0.04129664543934008	0.07892851809317436	-0.0368036800779243	-0.08097277973503823	-2.675680654863999e-07	8.81064825226637e-08	0.4953825078324948	0.4997650664412595	0.4967898127242643	0.4935381788374796	0.5026272322908308	0.455533090767518	0.4986127372882225	0.4945272039587998	0.4995352830953285	0.0500310647016993	0.5001829092648236	0.4754890023814566	0.5068482757327148	0.4975641965961679	0.4896340471895966	0.500443975353708	0.5037868173968897	0.4850131423401177	0.4953619946495694	0.4374404629420208	0.4420653940959819	0.4953952178603935	0.4997931747466629	0.4977923957983564	0.4938207685414411	0.5023146110845205	0.4579234212318258	0.4987758339654562	0.4956052846715258	0.4995912405565144	0.05002797994686207	0.5001609920230138	0.4754715889968938	0.5064256859102253	0.4980661158478595	0.4887978930737121	0.5002783462228761	0.5032108138061343	0.4856481727041686	0.4954717976591757	0.4384358050673369	0.4427339655872099
0.1110666666666665	1.132106759601642	0.3741893721982441	-0.2472484253035811	0.1247286679369573	-0.16278502191853	-0.2268230020999908	-0.03461638599200121	0.06958746645230061	-0.03330897594054297	-0.06992285019164581	-1.898164710616971e-07	-1.762129651836666e-07	0.495382731118913	0.4997681574860963	0.496974868952283	0.4935986552084612	0.5025934243878845	0.4559624493670055	0.4986302798393342	0.4947209175618476	0.4995413952767216	0.05003000683631077	0.5001805597071538	0.4755179469181418	0.5067689689223428	0.4976564070080591	0.489499608503404	0.5004059322567104	0.5037023504971073	0.4851328333199786	0.4953720447811632	0.4376055178943183	0.4421868505500448	0.4953732093932854	0.4997747858892633	0.4980077120325273	0.4939785241432691	0.5025256708198468	0.458297812295376	0.4986645305603298	0.4957750579524149	0.4995541482719175	0.05002625271484468	0.5001760362644865	0.4758433101576474	0.5063195197003325	0.4981689229540983	0.4888497407274085	0.5001556607732155	0.5033411904248787	0.4858136317028734	0.4953763266011433	0.4384312086203734	0.4428549786828365
0.1143333333333331	1.132003522630976	0.3744006728997545	-0.247351297516845	0.1245185433147555	-0.1627850224586128	-0.2268230020999908	-0.02870868447321515	0.05971280419346196	-0.02965922267221062	-0.05872035716139302	-1.477180708897466e-07	8.810648262128486e-08	0.4953805957916826	0.4997674541966641	0.4971464447592632	0.4936699807084305	0.5026015265189958	0.4563764847599038	0.4986257439453632	0.4949051772648941	0.4995400553218073	0.050028831556794	0.500181136073912	0.4756005654476425	0.5066908490295484	0.4977477842825976	0.4894037578079232	0.5003547498649065	0.5036562023869532	0.4852522419052233	0.4953661389172755	0.4377442474203651	0.4423102180877486	0.4953667270505113	0.4997536520506071	0.4980064822372804	0.4940745278893937	0.5027523781463139	0.4585995096708623	0.4985447646878803	0.4958806647978922	0.4995136409343944	0.05002494840113021	0.5001915875917239	0.4761783536690177	0.5062793689099204	0.4982414242679148	0.4889918726129009	0.5000433845187718	0.503503435896935	0.4858869477680716	0.4952988091057763	0.4384477141314868	0.4429992270725369
0.1175999999999998	1.131918420285378	0.3745790548144852	-0.2474421022695875	0.1243450578042703	-0.1627850229285158	-0.2268230020999908	-0.02351355431769362	0.04943310719933545	-0.02592073480494133	-0.04749074097738348	-1.468491921990747e-07	-1.762129652061914e-07	0.4953777362670342	0.4997633476442194	0.4972892304433376	0.4937454176870276	0.502646035790859	0.4567718012570908	0.498602011772166	0.4950763292335601	0.4995321908672543	0.05002762188518989	0.5001842068522171	0.4757252312010333	0.5066190538528961	0.4978360161767862	0.4893475531238505	0.5002933903157796	0.5036447596297096	0.4853639733298284	0.4953483033487479	0.4378626077415194	0.4424370643309021	0.4953602447077372	0.4997325182119509	0.4980052524420338	0.4941705316355183	0.5029790854727809	0.4589012070463486	0.4984249988154309	0.4959862716433697	0.4994731335968713	0.05002364408741574	0.5002071389189614	0.476513397180388	0.5062392181195084	0.4983139255817313	0.4891340044983934	0.4999311082643282	0.5036656813689914	0.4859602638332698	0.4952212916104094	0.4384642196426001	0.4431434754622374
0.1208666666666664	1.131849187118182	0.3747233401694882	-0.2475206194174366	0.1242081739326587	-0.1627850231662203	-0.2268230020999908	-0.01897594397744994	0.038883587761556	-0.02215446040176645	-0.03634556142184592	-3.160104926302267e-08	8.810648248602692e-08	0.4953757785662363	0.4997564135736468	0.4973875587848684	0.4938181656251978	0.5027216762102137	0.4571445279249133	0.4985618452518967	0.4952314415569646	0.4995187841294716	0.05002646777466978	0.5001894455231016	0.4758804781444124	0.5065588470002182	0.4979192016167467	0.4893293985366522	0.5002245735854641	0.5036643097679991	0.4854604946329788	0.4953225718729137	0.4379663942362116	0.4425688967820783	0.4953713531771178	0.4997113193125834	0.4977630305578999	0.4941951309824902	0.5032168155333074	0.4591201539854883	0.4982991771108773	0.4960313277442898	0.4994310779281834	0.05002292104885301	0.5002238556917568	0.4767982582468333	0.5062733555123385	0.4983578750927828	0.4893367473196212	0.4998303257127137	0.5038538545407395	0.4859300328964489	0.4951671441183398	0.4385078239345128	0.4433123263351276
0.1241333333333331	1.13179377873131	0.3748329552415933	-0.2475868674281663	0.1241074051137526	-0.162785023350033	-0.2268230020999908	-0.01504940309915153	0.02820640338428369	-0.01840901820126169	-0.02537948421890104	-1.138543059389001e-07	-1.762129652125018e-07	0.4953759973199554	0.4997471033091094	0.4974291489791124	0.4938828936188108	0.5028243116680648	0.4574916306119269	0.4985074093928518	0.4953682158575106	0.4995006050598164	0.05002542856871465	0.5001965961270973	0.4760573176535067	0.5065143547112122	0.4979958503482566	0.4893480430375722	0.5001504318535462	0.5037119423425132	0.4855359009573343	0.4952921065109155	0.4380601494882596	0.4427068970516271	0.495382461646498	0.4996901204132157	0.4975208086737657	0.4942197303294618	0.5034545455938336	0.4593391009246277	0.4981733554063233	0.4960763838452095	0.4993890222594951	0.05002219801029027	0.5002405724645517	0.4770831193132783	0.5063074929051684	0.4984018246038339	0.4895394901408486	0.499729543161099	0.5040420277124873	0.4858998019596277	0.4951129966262699	0.4385514282264251	0.4434811772080174
0.1273999999999997	1.131750247759234	0.3749076396184087	-0.2476409648168507	0.1240420709782066	-0.1627850234283842	-0.2268230020999908	-0.01169082788849847	0.01754553500415139	-0.01472765183550845	-0.01467635468769617	3.278019665318976e-08	8.81064824932544e-08	0.4953795380778105	0.4997357978174878	0.4974037517589649	0.4939347878880546	0.5029494841388881	0.4578102064167909	0.498441087805337	0.4954850703485797	0.4994784521883602	0.05002456456249583	0.5002053391396071	0.4762469932801913	0.506489144607903	0.4980648079052543	0.4893997041277368	0.5000730733277453	0.5037843328287931	0.4855850996542108	0.4952599609505186	0.4381481947677109	0.4428519325551553	0.4954113363768161	0.4996686299120027	0.4970451252429595	0.4941719255874572	0.5036940548160771	0.4594728189935008	0.4980469025686977	0.4960662368589592	0.4993467718496222	0.05002214051337968	0.5002573716319415	0.4773086229864089	0.5064148377485096	0.4984191816649404	0.4897715488824023	0.4996427953121091	0.5042474278096465	0.4857677191305917	0.4950851354178085	0.4386255569093201	0.4436725196616786
0.1306666666666664	1.131716819701627	0.374947761227163	-0.2476831914429944	0.1240111579911201	-0.1627850233521483	-0.2268230020999908	-0.008863945260204712	0.007045524979467579	-0.01114120440088587	-0.004305311692701799	-1.920911666534893e-08	-1.762129652344599e-07	0.4953872988312477	0.4997227957372187	0.4973033332098834	0.4939700749387783	0.5030936987667598	0.4580979799659451	0.498364748943136	0.4955807649763077	0.4994529514764728	0.05002391553370165	0.5002154240841563	0.4764426405990176	0.5064860134194475	0.4981251692872922	0.4894814168088437	0.4999941506185897	0.5038788749211595	0.4856040987673653	0.4952285289269572	0.438233917294521	0.4430046832424574	0.4954402111071342	0.4996471394107896	0.4965694418121532	0.4941241208454525	0.5039335640383205	0.4596065370623739	0.497920449731072	0.4960560898727088	0.4993045214397492	0.0500220830164691	0.5002741707993312	0.4775341266595394	0.5065221825918507	0.4984365387260468	0.4900036076239559	0.4995560474631193	0.5044528279068056	0.4856356363015558	0.4950572742093471	0.4386996855922151	0.4438638621153398
0.1339333333333331	1.131691796637486	0.3749540019605877	-0.2477138892663866	0.1240135118218661	-0.1627850232067444	-0.2268230020999908	-0.006533185967861148	-0.003152340662755583	-0.007677234674632938	0.005671561299224884	8.029817553756032e-08	8.810648269348965e-08	0.4953998742431561	0.499708477614339	0.4971244068679491	0.4939860857879137	0.5032526602880911	0.4583534957449093	0.4982806461890942	0.4956552025891023	0.499424860896253	0.05002351397307726	0.500226552535379	0.476637540748176	0.5065064372839919	0.4981764800422031	0.4895879944173978	0.4999152884496614	0.5039919521721871	0.4855907116386954	0.4951999839371112	0.438320368420093	0.4431651875862685	0.4954844887578228	0.4996267115960603	0.4959029012492731	0.4940118510476767	0.5041608534924734	0.4596616122046481	0.4978003453407744	0.4960024795728399	0.4992644504070737	0.05002269027478198	0.5002901594227127	0.4776928938388889	0.5066909717150807	0.4984313810080832	0.4902350468017803	0.4994851948461118	0.5046601755962964	0.4854175548704543	0.4950562885318127	0.4388048867440655	0.4440710842526129
0.1371999999999997	1.131673633885844	0.3749276384720032	-0.2477335052179264	0.1240477230327205	-0.162785023010034	-0.2268230020999908	-0.004663753934206078	-0.01291624359762151	-0.004356384899400768	0.0151992067409857	1.220301322175078e-08	-1.762129651979903e-07	0.4954177304669952	0.4996931417574877	0.4968642398570558	0.4939807282422372	0.5034230014554614	0.4585756128784664	0.4981905459182768	0.4957083069139264	0.4993947746163421	0.05002338131532233	0.5002384905566254	0.4768264266545322	0.5065515733799429	0.4982183839053368	0.4897153712982474	0.4998377604286382	0.5041207294508958	0.4855432242329503	0.4951760297520966	0.4384099398979187	0.4433334757222639	0.4955287664085116	0.4996062837813309	0.495236360686393	0.493899581249901	0.5043881429466266	0.4597166873469224	0.4976802409504769	0.4959488692729712	0.4992243793743983	0.05002329753309485	0.5003061480460941	0.4778516610182384	0.5068597608383106	0.4984262232901196	0.4904664859796048	0.4994143422291045	0.5048675232857872	0.4851994734393529	0.4950553028542783	0.4389100878959161	0.4442783063898861
0.1404666666666664	1.131660862719611	0.374870229994791	-0.2477425280660985	0.1241122700074167	-0.1627850227425696	-0.2268230020999908	-0.003219165848818461	-0.02212057481768915	-0.001197791581881802	0.02422779049023579	1.198455743236649e-07	8.810648256741573e-08	0.4954409497171143	0.4996772092516691	0.4965260879340804	0.4939533727047212	0.5036002391854243	0.4587644231596864	0.4980968160281563	0.4957409289030876	0.4993634901053148	0.0500235253250491	0.5002509194577388	0.4770042141626176	0.5066208367441414	0.4982509060440766	0.4898581684921509	0.4997629962379042	0.5042612042152159	0.4854623138499253	0.4951581033273849	0.4385046264551348	0.4435087693439846	0.4955845683033182	0.4995887510457915	0.494445454659944	0.4937372033639258	0.504585688388417	0.4597060394260399	0.4975758654095411	0.4958625507730625	0.499189654467771	0.05002449871097901	0.5003200241155086	0.4779388654034749	0.5070711248801207	0.4984025454630951	0.4906765490448216	0.4993628977987603	0.5050593944382412	0.4849211227389594	0.495080323421933	0.439044879540671	0.4444919854289758
0.143733333333333	1.131652184924651	0.374783844078396	-0.2477415266832508	0.1242054130803824	-0.1627850224341831	-0.2268230020999908	-0.002157608256244567	-0.03065753289330212	0.001780899398476752	0.03270702200799587	3.725738811773134e-08	-1.762129651593155e-07	0.4954695964404112	0.499661010184015	0.4961125031406987	0.4939035256505245	0.503780859004292	0.4589199985406766	0.4980013126630697	0.495753735506424	0.499331632493266	0.05002395112475996	0.5002635894165142	0.4771669177446377	0.5067137688227957	0.498274066168412	0.4900121696372873	0.4996921165943083	0.5044102386790588	0.4853485114339182	0.4951473310713316	0.4386059916310244	0.4436904583851878	0.4956403701981246	0.4995712183102518	0.4936545486334948	0.4935748254779506	0.5047832338302074	0.4596953915051571	0.4974714898686052	0.4957762322731534	0.4991549295611436	0.05002569988886318	0.5003339001849229	0.4780260697887112	0.5072824889219304	0.4983788676360705	0.490886612110038	0.4993114533684159	0.5052512655906951	0.4846427720385658	0.4951053439895875	0.4391796711854258	0.4447056644680653
0.1469999999999997	1.131646395856366	0.374670776808698	-0.2477311061538405	0.1243253099489961	-0.1627850221516406	-0.2268230020999908	-0.001434205829602601	-0.03842546503786174	0.004563992079712596	0.04059234317522293	1.153624256120474e-07	8.810648246901978e-08	0.4955032921503716	0.4996448827514812	0.4956324903717335	0.4938323829961025	0.5039604112217191	0.4590437200583795	0.4979063772257636	0.4957478487991863	0.4992999530905414	0.0500246483578496	0.5002762133677773	0.4773111461205384	0.5068280080232295	0.4982879976897824	0.490173481904132	0.4996265205485701	0.5045637730157144	0.485205007670976	0.4951444249147048	0.4387151575434188	0.443877215303571	0.4957025952230857	0.4995571124508073	0.4928181975709226	0.4933814682382379	0.5049354314663157	0.459634440721346	0.4973909811139766	0.4956634171486224	0.4991278555266189	0.05002738980500782	0.5003448969855292	0.4780433965020507	0.5075135361473055	0.4983380271494589	0.4910735070580318	0.4992841592434907	0.505412709344969	0.4843359950212234	0.4951530085151993	0.439340952658194	0.4449165919071077
0.1502666666666664	1.131642504534343	0.3745337245324576	-0.2477119374283138	0.1244699181005361	-0.1627850218135362	-0.2268230020999908	-0.0009957227892911412	-0.04534223077630833	0.007136937837106818	0.04783637890165142	7.127481744752613e-08	-1.762129651574367e-07	0.4955417401517015	0.4996290920656113	0.4950931081691968	0.4937408822277479	0.5041354075536807	0.4591366702377918	0.4978138450950497	0.4957241482878016	0.4992690408444556	0.05002561019196691	0.500288566280278	0.4774342408576897	0.5069617030624219	0.498292805175668	0.49033905386279	0.4995673048063959	0.5047186245497557	0.4850343036842755	0.4951499429295581	0.4388330037057641	0.4440679994777534	0.4957648202480469	0.4995430065913628	0.4919818465083505	0.4931881109985251	0.505087629102424	0.4595734899375349	0.497310472359348	0.4955506020240915	0.4991007814920944	0.05002907972115245	0.5003558937861353	0.4780607232153901	0.5077445833726806	0.4982971866628472	0.4912604020060257	0.4992568651185654	0.5055741530992429	0.484029218003881	0.4952006730408112	0.439502234130962	0.44512751934615
0.153533333333333	1.13163963896399	0.3743755567590926	-0.2476847202439514	0.1246370992170815	-0.1627850215901492	-0.2268230020999908	-0.0007858287859266927	-0.05133053936214649	0.009488177081491826	0.05439856651135397	6.706981355604276e-08	8.81064825622037e-08	0.495584169530433	0.4996140804320749	0.4945083507907793	0.4936319090329072	0.5043017813440203	0.4592012679785657	0.4977259069328624	0.4956835662461029	0.4992395868953449	0.05002680853253284	0.5003002918603295	0.4775347747124591	0.5071109409982948	0.4982885680341572	0.4905073767217523	0.4995156544898788	0.504871009015978	0.4848417592419925	0.4951638647674988	0.4389598261002435	0.4442611551251228	0.4958275230381374	0.4995347532482923	0.4911905874225313	0.4929878267732888	0.5051830889102653	0.4594793135254618	0.4972604190565487	0.4954130723024875	0.4990833343161583	0.05003109581156429	0.5003621764979732	0.4780190724543593	0.5079687214537674	0.4982390273620068	0.4914381523869465	0.4992562079047407	0.5056939121130125	0.4837307937288185	0.495264947570212	0.4396843376896988	0.4453271157702278
0.1567999999999997	1.131637193264063	0.3741994406705134	-0.247650199324696	0.1248245325789269	-0.1627850213650429	-0.2268230020999908	-0.0007386592634299505	-0.05633099519312906	0.01160861226137227	0.0602357127587834	7.232743097686384e-08	-1.762129651574744e-07	0.4956299759681315	0.4996001945729494	0.4938891877398522	0.4935077255005298	0.5044563445916423	0.4592394093335076	0.497644279957541	0.4956268334225972	0.4992121330238722	0.05002822484516918	0.5003111108082949	0.4776116289055009	0.5072726544216791	0.4982753485045636	0.4906772678235553	0.499472498607847	0.5050179597750641	0.4846315757569515	0.4951861744771148	0.4390958566792912	0.4444553843181484	0.4958902258282282	0.4995264999052219	0.4903993283367124	0.4927875425480526	0.505278548718107	0.4593851371133891	0.4972103657537495	0.4952755425808838	0.4990658871402225	0.05003311190197614	0.5003684592098114	0.4779774216933287	0.5081928595348543	0.4981808680611666	0.4916159027678675	0.4992555506909162	0.5058136711267822	0.4834323694537562	0.4953292220996131	0.4398664412484358	0.4455267121943058
0.1600666666666663	1.131634707557075	0.3740086684695245	-0.2476091355861894	0.1250298116996364	-0.1627850212345321	-0.2268230020999908	-0.0007861240462872542	-0.06028756265988992	0.01349284829199695	0.06531257646309943	1.60574362416688e-08	8.810648259273732e-08	0.4956780517319597	0.4995877159750729	0.4932535750986344	0.4933727296458887	0.5045957423002498	0.4592542815741208	0.4975705908394599	0.4955549764399064	0.4991873882303094	0.05002981366162176	0.5003208091476736	0.4776655675082024	0.5074416212258321	0.4982532979634784	0.4908499032230298	0.49943888871902	0.5051563908405381	0.4844109495452841	0.4952160785973276	0.4392405064988276	0.4446488486014296	0.4959467120567561	0.4995237940833903	0.4897494689829303	0.4926083346834547	0.5053110958349852	0.4592753600540085	0.4971919803226205	0.4951177296676066	0.4990607417873678	0.05003523535507912	0.5003704231050821	0.4778973617375779	0.5083807971156202	0.4981065160427407	0.4918105605506441	0.4992841947203875	0.5058864216576267	0.4831829221015608	0.4954009819971072	0.4400600626330344	0.4457069307296971
0.163333333333333	1.131632038163956	0.3738067428204518	-0.2475623047942657	0.1252503737518974	-0.16278502120473	-0.2268230020999908	-0.0008511201602483627	-0.06315963687695846	0.01513946129228118	0.06959260962701803	1.066896729275477e-08	-1.762129651593973e-07	0.4957275284721567	0.4995768652952112	0.4926155879005787	0.4932303690631327	0.5047173443704729	0.4592483830383955	0.49750611469638	0.4954688000159558	0.4991659082958013	0.0500315449858155	0.5003292191416978	0.477697189544748	0.5076137477286102	0.4982225350677231	0.4910262048406965	0.499415649132473	0.5052838829904887	0.4841855216436876	0.4952529551447026	0.4393933138448693	0.4448401068451643	0.4960031982852841	0.4995210882615588	0.4890996096291482	0.4924291268188568	0.5053436429518635	0.4591655829946281	0.4971735948914914	0.4949599167543293	0.4990555964345132	0.05003735880818209	0.5003723870003527	0.477817301781827	0.5085687346963862	0.4980321640243147	0.4920052183334209	0.4993128387498589	0.5059591721884711	0.4829334747493654	0.4954727418946013	0.440253684017633	0.4458871492650884
0.1665999999999997	1.131629211631297	0.3735972512177342	-0.2475104824181764	0.1254835847808314	-0.1627850211944114	-0.2268230020999908	-0.0008543660664549646	-0.06491061810926518	0.01654939996854553	0.07304646145125158	-6.116710785998018e-09	8.810648253993169e-08	0.4957769592176936	0.4995678294907237	0.4919966927454221	0.49308651030062	0.5048187343990146	0.4592256249317556	0.4974522277637857	0.4953697805763864	0.4991480270322758	0.05003335240032581	0.5003362028552573	0.4777095290895599	0.5077826493423534	0.4981836147849721	0.4912089151754252	0.4994033598548575	0.5053979215041551	0.4839641392628066	0.4952951361311404	0.4395526390511355	0.4450270923488555	0.4960455436093942	0.4995238273872836	0.4886963079606377	0.4923038815171037	0.5053122992092951	0.4590600509562066	0.4971897486472565	0.494790750243699	0.499060889386275	0.05003928730254238	0.5003701590540987	0.4777281418133882	0.5086882271074217	0.4979468851020913	0.4922393203321835	0.4993690143759499	0.5059805941564716	0.4827780070763905	0.4955389167791153	0.4404444238323497	0.4460387606748104
0.1698666666666663	1.131626619926273	0.3733839008604318	-0.2474544376585917	0.1257266751153542	-0.1627850212562258	-0.2268230020999908	-0.0007073481396272452	-0.06552213968403715	0.01772459404446633	0.07564116406911323	-3.349415612172031e-08	-1.762129652014547e-07	0.4958252096913804	0.4995607551169703	0.4914137164323052	0.4929457521281151	0.504898018084439	0.4591890730426692	0.4974100088477876	0.49525907543614	0.4991340061130086	0.05003519208856504	0.5003416521606618	0.4777049646715585	0.5079433210980583	0.4981369721449973	0.4914001840533663	0.4994024755481233	0.5054965350010825	0.4837537375326867	0.4953413140417824	0.4397171968311547	0.445208185107804	0.4960878889335047	0.4995265665130088	0.4882930062921275	0.4921786362153509	0.5052809554667269	0.4589545189177854	0.4972059024030217	0.494621583733069	0.4990661823380371	0.05004121579690269	0.5003679311078446	0.4776389818449497	0.5088077195184574	0.4978616061798683	0.4924734223309465	0.4994251900020412	0.5060020161244724	0.482622539403416	0.4956050916636297	0.4406351636470667	0.4461903720845327
0.173133333333333	1.131624850184484	0.3731704348693051	-0.2473949332541917	0.1259768118445713	-0.1627850213733253	-0.2268230020999908	-0.0003191070402062761	-0.06498131129386046	0.01866795946078206	0.07735044380508986	-3.556160185734533e-08	8.810648258952512e-08	0.4958705959180069	0.4995558622472762	0.4908900591443765	0.4928149975448819	0.5049539929173666	0.4591430466436022	0.4973801717837208	0.495138825040748	0.4991240664848806	0.05003698527911792	0.500345433945518	0.4776885574554032	0.5080886478015554	0.4980834119491027	0.4916028692003629	0.4994129077230773	0.5055780399875021	0.4835641843957971	0.4953891313420321	0.4398843416987435	0.445381163299125	0.4961081557406496	0.4995358053730497	0.4882354831212068	0.4921404198473091	0.5051913156159504	0.4588719626877437	0.4972537498614892	0.4944541060485104	0.4990817830227837	0.05004263958605603	0.5003610756718226	0.4775752854018208	0.5088274318970063	0.4977703057242315	0.4927581013436177	0.4995031392380428	0.5059728720056349	0.4826045664388797	0.4956516568849626	0.4408053972508401	0.4463041869650034
0.1763999999999996	1.131624907886924	0.3729605977114291	-0.2473327265914803	0.1262310296027905	-0.1627850214713278	-0.2268230020999908	0.0004114952663982937	-0.06330040504096154	0.01937903790860564	0.07813975325410272	-2.180212538352427e-08	-1.762129651792066e-07	0.4959117978336322	0.4995533233965726	0.4904440633305608	0.4926996577882257	0.5049857162086772	0.4590909313871677	0.497363276134598	0.4950107072214164	0.4991183813467654	0.05003868000525803	0.5003474438627243	0.4776642750476968	0.5082130517481374	0.4980235650706401	0.4918192107480034	0.4994345870116734	0.5056411167124705	0.4834032151076294	0.4954367399899063	0.4400519999541801	0.4455442853258491	0.4961284225477946	0.4995450442330909	0.4881779599502861	0.4921022034792673	0.5051016757651738	0.4587894064577019	0.4973015973199569	0.4942866283639518	0.4990973837075303	0.05004406337520938	0.5003542202358008	0.4775115889586918	0.5088471442755554	0.4976790052685949	0.493042780356289	0.4995810884740446	0.5059437278867974	0.4825865934743436	0.4956982221062956	0.4409756308546137	0.4464180018454743
0.1796666666666663	1.131628020767024	0.3727581012892845	-0.2472685757481036	0.1264862964202467	-0.1627850216787411	-0.2268230020999908	0.001587087560886105	-0.06049867740336604	0.01985641543616942	0.07798152588684011	-7.934709326742312e-08	8.810648259644604e-08	0.4959469797180649	0.4995529577438577	0.4900993086901582	0.4926073036359359	0.5049934667588086	0.4590371158333786	0.4973591088385221	0.4948778715831916	0.499116922172152	0.05004018577415309	0.5003477635680479	0.477639448288413	0.5083092434461156	0.4979591601345437	0.4920518232820157	0.4994664356904684	0.5056852413548587	0.4832810320756651	0.4954810154480633	0.4402162149549907	0.4456952492487987	0.4961188259458391	0.4995568738618748	0.4885517996536646	0.4921834634882787	0.5049667973304652	0.4587460464799768	0.4973728328568736	0.4941402921979769	0.4991211593498968	0.05004463627600479	0.5003447772013735	0.4775179928748251	0.5087396495848499	0.4975953718696593	0.493385384756145	0.499668912856227	0.5058715923836528	0.4827452370739577	0.4957077859737302	0.4411005723375352	0.4464851565961779
0.182933333333333	1.131635882746396	0.3725665047023356	-0.2472032630889514	0.1267394339924806	-0.1627850218209175	-0.2268230020999908	0.003319107066059893	-0.05662703655390078	0.02009035368954239	0.07683613373022795	1.813877968466594e-08	-1.762129651792271e-07	0.4959747025550323	0.4995546235439796	0.4898742783489481	0.4925438697914917	0.5049774631234358	0.4589850399375812	0.497367502878849	0.4947427870226803	0.4991196665993224	0.05004144288625142	0.5003464570715059	0.4776198240277932	0.508371508554716	0.4978915521941725	0.4923027563265465	0.4995076089370296	0.5057100032705095	0.483205632728318	0.4955195084293795	0.440373885276063	0.4458322506944192	0.4961092293438838	0.4995687034906588	0.4889256393570433	0.4922647234972904	0.5048319188957567	0.4587026865022518	0.4974440683937905	0.493993956032002	0.4991449349922634	0.05004520917680021	0.5003353341669465	0.4775243967909586	0.5086321548941444	0.4975117384707238	0.4937279891560011	0.4997567372384096	0.5057994568805081	0.4829038806735722	0.4957173498411649	0.441225513820457	0.4465523113468817
0.1861999999999996	1.131650430166213	0.3723892484479587	-0.24713759244737	0.1269871866070204	-0.1627850219889312	-0.2268230020999908	0.005717180959813994	-0.05174352639166298	0.02007153188936555	0.07467298364559667	-8.622272472562366e-08	8.810648260257787e-08	0.495993109362761	0.4995580660047557	0.4897896851971778	0.4925168998375302	0.5049405521797407	0.4589383627076076	0.4973870525679884	0.4946092547391783	0.4991261561946327	0.05004235707642649	0.5003436917831149	0.4776151115267838	0.5083932568978059	0.4978228025090052	0.4925739497424049	0.4995560808170488	0.5057167886259016	0.4831862328887409	0.4955483944655724	0.4405198629411114	0.4459533276547522	0.4960629709065444	0.4995816126138121	0.4897814047220932	0.4924921524256959	0.5046828724351893	0.4587056391356658	0.4975239682748965	0.4938876280651138	0.4991717500288071	0.05004460354327775	0.5003245990143661	0.4776549104306143	0.5083796343949303	0.497445834515275	0.4941299469711203	0.4998394893440464	0.5057048296865472	0.4832639891912661	0.4956705694814443	0.4412771004265525	0.4465685740186807
0.1894666666666663	1.131674082397835	0.3722294510028398	-0.2470724206611507	0.1272261465943278	-0.1627850221569996	-0.2268230020999908	0.008893481640761782	-0.0459379696612529	0.01978493203928084	0.07145289256750305	1.810524404039453e-08	-1.762129651792345e-07	0.4960007444576405	0.4995630853951374	0.4898617651285816	0.4925323071577059	0.504884965689385	0.4588999522425324	0.4974166560104355	0.4944802544100264	0.4991360315943687	0.05004286615646265	0.5003395989361114	0.4776329221559219	0.5083693223312691	0.497754526885276	0.492866924140876	0.4996102632128949	0.50570668408732	0.4832300566126739	0.4955646756018157	0.440650112694522	0.4460569422271743	0.4960167124692049	0.4995945217369653	0.4906371700871431	0.4927195813541014	0.5045338259746217	0.4587085917690797	0.4976038681560023	0.4937813000982255	0.4991985650653508	0.05004399790975528	0.5003138638617856	0.47778542407027	0.5081271138957161	0.4973799305598262	0.4945319047862394	0.4999222414496831	0.5056102024925861	0.48362409770896	0.4956237891217235	0.4413286870326478	0.4465848366904795
0.1927333333333329	1.131709499142899	0.3720900267540054	-0.247008636508576	0.1274528311513121	-0.1627850223500251	-0.2268230020999908	0.01295398799650195	-0.03930742092355355	0.01921725868271987	0.06714780540361415	-9.619645516731029e-08	8.810648261376751e-08	0.4959959601458436	0.4995692608392557	0.4901059225750808	0.4925970341338856	0.5048166649010078	0.4588721646432093	0.4974530465316005	0.4943600722461526	0.4991482225020902	0.05004287509813412	0.5003346962426439	0.4776854542924204	0.5082945645401095	0.497689473422758	0.4931819664846194	0.4996669307146593	0.5056832287368415	0.483344481420079	0.4955638661848125	0.4407582842765913	0.4461416918708521	0.4959296174324296	0.4996056566266665	0.491986613065551	0.4931130536347015	0.5044172425447793	0.458755657723634	0.4976656284283817	0.4937342216397396	0.499219619631665	0.05004189532045137	0.5003065357226131	0.4781038368599861	0.5077230331344191	0.4973471526105537	0.4949807825592497	0.4999786489000705	0.5055232425756826	0.4841970284163326	0.495499278168984	0.4412744773171302	0.4465497555062729
0.1959999999999996	1.131759784940788	0.3719734029629895	-0.2469471902020056	0.1276636319217723	-0.1627850225235773	-0.2268230020999908	0.0179969833702488	-0.03197850569075914	0.01835359775086211	0.06172812530784103	3.002756711025502e-08	-1.762129651792366e-07	0.4959774648036205	0.4995762624137952	0.4905342322820122	0.4927165228695354	0.5047403230408689	0.458856846709352	0.497493663443166	0.4942520681294264	0.4991618899185509	0.05004232120976866	0.5003293895385258	0.4777822705643518	0.5081649539459135	0.4976297963404582	0.49351930166661	0.499723554947076	0.5056491969829323	0.4835352903617431	0.4955424499661864	0.4408394000089246	0.4462064771980535	0.4958425223956545	0.4996167915163678	0.493336056043959	0.4935065259153016	0.504300659114937	0.4588027236781886	0.4977273887007613	0.4936871431812538	0.4992406741979795	0.05003979273114746	0.5002992075834408	0.4784222496497025	0.5073189523731224	0.4973143746612814	0.4954296603322599	0.5000350563504581	0.5054362826587792	0.4847699591237053	0.4953747672162448	0.4412202676016128	0.4465146743220665
0.1992666666666663	1.131828249232086	0.3718817221284293	-0.2468890626126023	0.1278548881948849	-0.1627850226514869	-0.2268230020999908	0.0241087649915633	-0.0240847229513141	0.01718192064435271	0.05517811833647378	-7.90080593300177e-08	8.810648256890704e-08	0.4959438999206428	0.4995830265097576	0.4911542445925231	0.4928965811968406	0.5046652208753962	0.4588545453263476	0.4975334176899682	0.4941619100149555	0.4991753138920227	0.05004111272784428	0.5003242206028453	0.4779377951560168	0.507977458251923	0.497579051368992	0.4938771070682335	0.4997750442586376	0.5056111025504246	0.4838069473258314	0.4954954156307326	0.4408858698705747	0.4462506362223053	0.495712098201215	0.4996171247130847	0.4951421915640538	0.4940775262348914	0.504276684565152	0.4588811304634619	0.4977380179441522	0.4937307851216823	0.4992445429103866	0.0500359013403381	0.5002974153832374	0.4789981493727951	0.5067696571310151	0.4973339841381705	0.4959017792472603	0.5000317603156447	0.5054044544970437	0.4855479212277434	0.4951503670872736	0.4410230949159207	0.4464319167504877
0.2025333333333329	1.131918529262836	0.3718164930174866	-0.2468352799578939	0.1280228913275961	-0.162785022848131	-0.2268230020999908	0.03135355854507606	-0.01578357286383012	0.01569343365190419	0.04749150873553357	-1.20548266409914e-08	-1.76212965179264e-07	0.495894200562933	0.4995887193671804	0.491971877766392	0.4931417618556735	0.5045986339369051	0.4588656891631065	0.497568320057622	0.4940940409224608	0.4991871461623954	0.0500391891145073	0.5003196141379701	0.478163335581088	0.5077297003887214	0.4975400258285761	0.4942539538366757	0.4998174073455175	0.5055740517859124	0.4841629514434302	0.4954188348714597	0.4408917444423769	0.4462736500785151	0.4955816740067757	0.4996174579098019	0.4969483270841489	0.4946485265544815	0.5042527100153672	0.4589595372487356	0.4977486471875434	0.4937744270621111	0.4992484116227939	0.05003200994952876	0.5002956231830343	0.479574049095888	0.5062203618889081	0.49735359361506	0.496373898162261	0.5000284642808315	0.5053726263353084	0.4863258833317819	0.4949259669583027	0.4408259222302289	0.4463491591789092
0.2057999999999996	1.132034387626436	0.3717788707245458	-0.2467868838923993	0.1281639312602533	-0.1627850228135279	-0.2268230020999908	0.03977838376100305	-0.007240018688716995	0.01388527177297287	0.03867700267532155	8.617380268912426e-09	8.810648257291776e-08	0.4958276425353372	0.4995924047792997	0.4929833024791588	0.493455455256119	0.5045535678156423	0.4588883536492327	0.4975917881209448	0.4940538970395283	0.4991951781549114	0.05003647962801173	0.5003164364555913	0.4784743860529231	0.5074219686417361	0.4975165298687384	0.494645276857994	0.4998444435748197	0.5055472712654789	0.4846032916951498	0.4953076809285502	0.4408488591085706	0.44627603266298	0.4954105010717924	0.4996046864481947	0.4991048750230779	0.4953894702026716	0.5043980799541643	0.4590423021083228	0.4976725041754401	0.4939262979760966	0.4992232368222108	0.05002617707048339	0.5003050999786248	0.4804714289132544	0.5055539181245716	0.4974412558016902	0.4968306447235367	0.499934314211588	0.505450940941079	0.4872724105908987	0.4945836175355114	0.4404519778932275	0.4462301274394102
0.2090666666666662	1.132179709938742	0.3717692599356732	-0.2467448995688461	0.1282743889556636	-0.1627850229527012	-0.2268230020999908	0.04939271081349598	0.001366327585972124	0.0117678773613318	0.02876769001294368	-1.184485265951681e-07	-1.762129651792107e-07	0.4957436581420237	0.4995933488564795	0.4941855169612255	0.4938403191319963	0.5045402180810125	0.4589210301718918	0.4975986620448762	0.4940457397235802	0.4991976785820438	0.05003293759884774	0.500315366659849	0.4788830929250357	0.5070544889951865	0.4975115502533556	0.4950474974857536	0.4998512923297352	0.5055379940387255	0.485127959430155	0.4951580133910994	0.4407508140035088	0.4462581867932729	0.4952393281368094	0.4995919149865877	0.5012614229620072	0.4961304138508618	0.5045434498929615	0.4591250669679102	0.4975963611633371	0.4940781688900824	0.4991980620216278	0.05002034419143801	0.5003145767742155	0.481368808730621	0.5048874743602355	0.4975289179883207	0.4972873912848126	0.4998401641423447	0.5055292555468496	0.4882189378500157	0.4942412681127205	0.4400780335562263	0.4461110956999115
0.2123333333333329	1.132358384002987	0.3717876616947011	-0.2467103216714412	0.1283507288009741	-0.1627850231207524	-0.2268230020999908	0.06018554426887446	0.009846914832052691	0.009362309917526873	0.01781111344159144	1.617739386762362e-08	8.810648258013764e-08	0.495642426844178	0.4995901184655748	0.4955602819059214	0.4942962954475426	0.5045740902646029	0.4589590253311813	0.4975806110314615	0.4940746398479425	0.4991918564524028	0.05002852767355787	0.5003175349050929	0.4794045279279991	0.5066317837632225	0.497529096468077	0.495452795421005	0.4998308513467565	0.5055579692959864	0.4857312346499831	0.4949654040884023	0.4405898820500345	0.44622227201366	0.4950354037644631	0.4995568800913819	0.5035860298281528	0.4970130191216693	0.5049338444912104	0.4591729104542202	0.4973894909987182	0.4943533869031564	0.4991291444908078	0.05001259074131629	0.5003415028562105	0.4826380017108801	0.5041544922447688	0.4977005609087191	0.4976743616575166	0.4996224806044271	0.50578017539057	0.4892671512579719	0.4937700435254718	0.4395033127601614	0.4459768914619323
0.2155999999999996	1.132574137170852	0.3718332459269283	-0.2466839935101158	0.1283897103648096	-0.1627850228429756	-0.2268230020999908	0.07209420282449233	0.0180086581161166	0.006717018537111876	0.005895272783362916	1.545073920198394e-07	-1.762129651777833e-07	0.4955240893202774	0.4995815901780546	0.4970933002781556	0.4948233387261538	0.5046673397600022	0.45899866016365	0.4975311047370143	0.494144572428138	0.4991755239264005	0.05002322652893232	0.5003238271226322	0.4800505062803896	0.5061573980602986	0.4975723115436811	0.4958550402735956	0.4997775532385765	0.5056164076673073	0.4864086335922204	0.4947263818390288	0.4403600063847972	0.4461699811497238	0.4948314793921171	0.4995218451961762	0.5059106366942988	0.4978956243924769	0.5053242390894594	0.4592207539405301	0.4971826208340995	0.4946286049162306	0.4990602269599878	0.05000483729119458	0.5003684289382055	0.4839071946911394	0.5034215101293023	0.4978722038291176	0.4980613320302207	0.4994047970665096	0.5060310952342905	0.4903153646659282	0.4932988189382233	0.4389285919640966	0.4458426872239532
0.2188666666666662	1.132830537485322	0.3719047437863618	-0.2466666451383751	0.1283882918077387	-0.1627850230361816	-0.2268230020999908	0.08503399383231884	0.02564066849528081	0.003885609968452589	-0.006885407708571969	-1.643509539902131e-07	8.810648264683979e-08	0.4953896740237549	0.499566217675708	0.4987533804856198	0.4954176813365514	0.5048369272942266	0.4590334304980423	0.4974411093653109	0.4942628801210625	0.4991456276883404	0.05001702811882831	0.5003354848106769	0.4808335185031662	0.5056399459209641	0.4976464876061424	0.4962425674210167	0.4996831204961424	0.5057253831938983	0.4871489983722709	0.4944375858670307	0.4400542560686596	0.446104461664091	0.4946053847905168	0.4994581084338702	0.5081866018168324	0.4988762481345452	0.5060320219593093	0.4591957340878097	0.4968070702299473	0.4950718602811947	0.498934537447941	0.04999525770979196	0.5004181402678529	0.485571744408982	0.5026860394579983	0.4981571508982683	0.4983056098315971	0.499024479947962	0.5065003440752085	0.4913811905016831	0.49269541791819	0.4381348423888181	0.445712576989343
0.2221333333333329	1.133130662224164	0.3719999491238915	-0.2466587305057157	0.1283439310478863	-0.1627850232082223	-0.2268230020999908	0.09886425856170486	0.03252344062405293	0.000941259915774635	-0.02039587177667736	1.674657359710121e-07	-1.762129651787006e-07	0.4952399871560813	0.499542788804791	0.5005160729374766	0.4960763698766821	0.5050961490763968	0.4590582380026429	0.4973035435154945	0.4944353187638505	0.4990997742648375	0.05000992845456933	0.5003534811836616	0.4817633563749442	0.5050861800353964	0.4977557731472893	0.4966062329321697	0.4995410644797801	0.505894361179726	0.4879435826260684	0.4940963817123326	0.4396671982375248	0.4460281807018649	0.4943792901889164	0.499394371671564	0.5104625669393659	0.4998568718766133	0.506739804829159	0.4591707142350892	0.496431519625795	0.4955151156461587	0.498808847935894	0.04998567812838935	0.5004678515975003	0.4872362941268247	0.5019505687866943	0.4984420979674188	0.4985498876329731	0.4986441628294143	0.5069695929161264	0.4924470163374377	0.4920920168981566	0.4373410928135393	0.4455824667547326
0.2253999999999995	1.133477257346858	0.372116151656858	-0.2466605461818877	0.1282543818568017	-0.1627850224537524	-0.2268230020999908	0.1134215024748053	0.03840891647686931	-0.002051544469532735	-0.03450276154337382	1.660959955785787e-07	8.810648267901909e-08	0.4950770538927292	0.4995098056582697	0.5023372411932698	0.4967911612082189	0.5054614302644554	0.4590653976031834	0.4971097395708377	0.4946715726770063	0.4990351323872222	0.05000195404712875	0.5003788847752959	0.4828465019083686	0.5045090855876467	0.4979065299717345	0.4969277155337373	0.4993426118419679	0.5061343386655406	0.4887754401212111	0.4937014098463712	0.4391931691832029	0.4459443537684795	0.4941463654174508	0.499296982941991	0.5124270626361503	0.5008696675844352	0.5078192161192969	0.459035802379065	0.4958593450531444	0.4961800220503108	0.4986180927620216	0.04997448762381272	0.5005427522558472	0.4892704001960493	0.5012945298708951	0.4988717552009502	0.4985319091974903	0.4980658737762835	0.5076876351936958	0.4934228763942015	0.4913678803211844	0.4363184231596765	0.4454684779948778
0.2286666666666662	1.133872235854996	0.3722495019794007	-0.24667212508398	0.1281180386991168	-0.1627850229616715	-0.2268230020999908	0.1284867394463914	0.04302208730346452	-0.005036225341582806	-0.04904523908301703	-6.054254763046585e-07	-1.762129651783557e-07	0.4949024617635508	0.4994660940321692	0.5041822888948674	0.4975555936131188	0.5059456472429341	0.4590488853231032	0.4968529031785505	0.4949792333042576	0.4989494826445924	0.04999312238635362	0.5004125332126453	0.4840880367674054	0.5039188418913011	0.4981037450953574	0.4971926532492927	0.4990808852706763	0.5064539366583507	0.489631287176861	0.4932516045637939	0.4386277294078944	0.4458555013769139	0.493913440645985	0.4991995942124178	0.5143915583329348	0.5018824632922568	0.5088986274094348	0.4589008905230408	0.4952871704804938	0.4968449284544627	0.4984273375881491	0.0499632971192361	0.5006176529141941	0.4913045062652739	0.5006384909550957	0.4993014124344815	0.4985139307620072	0.4974875847231526	0.5084056774712649	0.4943987364509652	0.4906437437442119	0.4352957535058135	0.4453544892350229
0.2319333333333329	1.13431701688889	0.3723955188464854	-0.2466933796856239	0.1279336422400391	-0.1627850230925347	-0.2268230020999908	0.1438262905681259	0.04605697061857746	-0.007953712349205498	-0.06386527781450536	4.125288776235537e-07	8.810648252837605e-08	0.4947203858728227	0.4994104231897414	0.5059827836429649	0.4983527508083794	0.5065623595160522	0.4589973418044857	0.4965257380810288	0.495356439410237	0.4988403780392759	0.04998359000350606	0.5004552725870627	0.4854832631649826	0.5033365589909099	0.4983478618557625	0.4973723325490822	0.4987512103722129	0.5068650155607735	0.4904836095579149	0.4927499622691665	0.4379712271680681	0.445767853129718	0.4937060849273305	0.4990663376178358	0.5156026843932539	0.5027964659470832	0.5103747069847026	0.4585856561214099	0.4945035035568271	0.4976308553709345	0.4981659147493767	0.04995152330021343	0.5007189505281557	0.4936003695874563	0.500203355993832	0.4998291769593506	0.4980466364404615	0.4967280154427301	0.50942185945948	0.4951004403961972	0.4898450224593058	0.4340943302936781	0.4453033775453245
0.2351999999999995	1.134811888613895	0.3725483232308607	-0.2467239385243322	0.1277006893433092	-0.1627850210032876	-0.2268230020999908	0.1591545095141816	0.04717771013433354	-0.01073269701362321	-0.07877367029856658	7.538258163202865e-07	-1.762129651777955e-07	0.494534099073506	0.4993418283609485	0.5076850845719298	0.4991693722371366	0.5073221969880579	0.4589018629728517	0.4961225249109601	0.4958017320576185	0.498705900388256	0.04997346016496405	0.5005077661525451	0.4870284986800326	0.5027787854065161	0.4986392278027801	0.4974442451247011	0.4983499229659251	0.507376873209315	0.4913108395856712	0.4921988318168165	0.4372239353669927	0.4456862921318477	0.4934987292086762	0.4989330810232539	0.5168138104535729	0.5037104686019096	0.5118507865599705	0.4582704217197791	0.4937198366331606	0.4984167822874065	0.4979044919106043	0.04993974948119074	0.5008202481421176	0.4958962329096389	0.4997682210325683	0.5003569414842198	0.497579342118916	0.4959684461623076	0.5104380414476953	0.4958021443414292	0.4890463011743998	0.4328929070815428	0.4452522658556263
0.2384666666666662	1.135356500871371	0.3727012605375152	-0.2467632803518219	0.1274190771982469	-0.1627850232829567	-0.2268230020999908	0.1741777056783685	0.04599855056398721	-0.01331863305850407	-0.09360196649933453	-1.186254543417466e-06	8.810648262244293e-08	0.4943489868623383	0.4992594505422671	0.5092104427794458	0.4999834985749746	0.5082342930050684	0.4587512929914434	0.4956382354984805	0.4963118322490446	0.4985444430808711	0.04996292806820679	0.5005706713296755	0.4887085573908105	0.5022709220028209	0.4989773144131636	0.497367857920018	0.497874383570282	0.5079979163520446	0.4920805456038455	0.4916046154698478	0.4363905095166099	0.445618034398122	0.4933460109688532	0.4987639182035378	0.5169066369723518	0.5044062741978711	0.5137200740217308	0.4577367227988073	0.4927252006520846	0.4993004880028716	0.4975735110088486	0.04992819136471415	0.5009487521585361	0.4983142675475623	0.4996795529460537	0.5009730150259963	0.49642187565177	0.4950347451037123	0.5117542314249114	0.4960739547619353	0.4882235628611167	0.431564392179644	0.445297803531564
0.2417333333333328	1.135949171067012	0.3728458494378226	-0.2468107216401603	0.1270894175820167	-0.1627850224600082	-0.2268230020999908	0.1885777369617372	0.04206644094215966	-0.01569155059444102	-0.1081904893809226	2.653387677181007e-06	-1.762129651759184e-07	0.4941692709134572	0.4991626163640743	0.5104971304705125	0.500777916028294	0.5093058076299708	0.4585368873377279	0.495068928384044	0.4968841696507922	0.498354746708145	0.04995212248833057	0.5006445034726944	0.4905115350273792	0.5018328809107474	0.4993617073921336	0.4971113976328666	0.4973225231466828	0.5087347353803198	0.492767305251079	0.4909723318848868	0.4354745987320553	0.445568736218223	0.4931932927290303	0.4985947553838217	0.5169994634911307	0.5051020797938326	0.5155893614834911	0.4572030238778356	0.4917305646710086	0.5001841937183366	0.497242530107093	0.04991663324823756	0.5010772561749548	0.5007323021854857	0.499590884859539	0.5015890885677728	0.4952644091846241	0.494101044045117	0.5130704214021274	0.4963457651824415	0.4874008245478337	0.4302358772777453	0.4453433412075018
0.2449999999999995	1.13658748465311	0.3729725708929469	-0.2468656001125575	0.1267126658853994	-0.162785018077428	-0.2268230020999908	0.2019977739679241	0.03487040417999551	-0.01793601152213967	-0.1223986566635391	-2.430413977027689e-07	8.810648265017482e-08	0.4939990691984308	0.499050698014646	0.5114802972843997	0.5015327597814699	0.510542583063219	0.4582532567043743	0.4944112488101883	0.4975341439470214	0.4981357414167307	0.04994104866670786	0.5007296102476488	0.4924152197201597	0.5014878263188599	0.4998008491222324	0.496627066271751	0.4966878639042838	0.509587474713429	0.4933429328899649	0.4903082146545156	0.4344737199046164	0.4455374097028332	0.4930995844302217	0.4983893286320352	0.5158557377486213	0.5055258659544399	0.5178458969549633	0.4564785689528852	0.4905266123933213	0.5013726781964545	0.4968425439044203	0.04990456602711587	0.5012316850606786	0.5031360455955607	0.4999131178832421	0.5023966265541282	0.4931870652351924	0.4929388515894379	0.5146198494165891	0.4961216867920714	0.4865749355433718	0.4287133101407145	0.4454152210778
0.2482666666666662	1.137267395517282	0.3730694376460992	-0.2469280897650108	0.1262902373907937	-0.1627850258306036	-0.2268230020999908	0.2140454582313186	0.02378805197964535	-0.02035145675122949	-0.136155875904405	-4.776666782602771e-06	-1.762129651731227e-07	0.4938416097769678	0.4989232033547897	0.5121091091341805	0.5022324578705659	0.5119491992937066	0.4578961767057816	0.4936625670652027	0.498273826754599	0.497886588557232	0.04992971006133593	0.5008262641914367	0.494402199403906	0.5012539169211807	0.5003013575700008	0.4958773960684899	0.4959653279896911	0.5105562475883533	0.4937853344128527	0.4896171502120589	0.4333859265706318	0.4455232802785387	0.4930058761314131	0.4981839018802486	0.5147120120061117	0.5059496521150472	0.5201024324264354	0.4557541140279349	0.489322660115634	0.5025611626745722	0.4964425577017477	0.04989249880599419	0.5013861139464024	0.5055397890056357	0.5002353509069452	0.5032041645404834	0.4911097212857606	0.4917766591337588	0.5161692774310507	0.4958976084017012	0.4857490465389099	0.4271907430036836	0.4454871009480981
0.2515333333333328	1.13798398578687	0.373123104972116	-0.246999061382533	0.1258237325748553	-0.1627850194741358	-0.2268230020999908	0.2242789577258884	0.008260438392270589	-0.02320072376414345	-0.1493002921001546	5.188292467815901e-06	8.810648263744527e-08	0.4937072333423651	0.4987795038324399	0.5122459192197834	0.5028342691243298	0.5135307516342107	0.4574407912809878	0.4928197047175921	0.4990388346820579	0.4976064119475589	0.04991853457724629	0.5009347185390262	0.4964286743259619	0.5011787861199679	0.50083283365108	0.4948125861445257	0.495169389008525	0.5116630877807117	0.4940361163963544	0.488915117536205	0.4322249000622901	0.4455388216962091	0.493058732763328	0.4979399626123802	0.5112481639650774	0.5057626851891517	0.5227583106480688	0.4545917873138414	0.4878994863389077	0.5031752280610472	0.4959720167930132	0.04988299430629666	0.5015666023578532	0.5075971860979648	0.5013376719729505	0.5037784882420481	0.4879184739214705	0.4906081788623425	0.5182088099568332	0.4947234127982859	0.4850563512789571	0.4256544827494539	0.4457393967838683
0.2547999999999995	1.138730043146996	0.3731181200099579	-0.2470803222695486	0.1253158477818632	-0.1627850146703427	-0.2268230020999908	0.2320865340710967	-0.01212151220919095	-0.02665100950236675	-0.1614905557332146	-5.727283960353882e-06	-1.762129651731119e-07	0.4936040459185557	0.4986191067276253	0.5117828297035636	0.5033046887218725	0.5152912345433619	0.4568676169112054	0.4918801702698175	0.4997786983986151	0.4972945247557079	0.04990780450988325	0.5010551718022368	0.4984603090651195	0.5012997741713162	0.5013714475919502	0.4933935994082668	0.4943113926625903	0.5129252684276839	0.4940495052118698	0.4882146423138195	0.4310013642390434	0.4455938114560269	0.4931115893952429	0.4976960233445118	0.5077843159240432	0.5055757182632564	0.5254141888697021	0.453429460599748	0.4864763125621815	0.5037892934475223	0.4955014758842788	0.04987348980659913	0.501747090769304	0.5096545831902941	0.5024399930389561	0.5043528119436128	0.4847272265571806	0.4894396985909263	0.5202483424826155	0.4935492171948707	0.4843636560190043	0.4241182224952242	0.4459916926196385
0.2580666666666662	1.139497038509655	0.3730382145450556	-0.2471738624978251	0.1247700712209808	-0.1627850317224657	-0.2268230020999908	0.2368553026083131	-0.03758635044262492	-0.03054455250133969	-0.1722458707871984	-2.304688398480687e-06	8.810648261255788e-08	0.493551686451467	0.498441276328453	0.5104928459232997	0.5035757248358478	0.5172365270739565	0.4561266825787726	0.4908401174574432	0.5003269967090223	0.4969498958764603	0.04989859705154534	0.5011879686993278	0.5004395766654266	0.5016937850701668	0.5018373390177931	0.4916126122992588	0.4934317306406522	0.5143941114317097	0.4937345102115743	0.4875438337678158	0.4297682009983217	0.4457387789469267	0.4934567796518672	0.4974100742341069	0.5004633466462547	0.5043298510693061	0.5284967646500657	0.4514465746658705	0.4848147573187266	0.5024045297934262	0.4949554401314077	0.04987266059563059	0.5019556133916288	0.511048613342112	0.5048351227631531	0.5040063173131655	0.480735886402207	0.4886200394394209	0.5231995902383536	0.4908349364606778	0.4840031927281745	0.4230759610398187	0.4469144392824075
0.2613333333333328	1.140273269673038	0.3728674196773497	-0.2472793967712087	0.1241932030163166	-0.1627850139947011	-0.2268230020999908	0.2377411059423349	-0.06776808535429704	-0.0339943024250521	-0.1805262560077253	1.556652476764501e-05	-1.762129651730769e-07	0.4935655498112781	0.4982454359130622	0.5081980300640212	0.5035940783616241	0.5193712380876175	0.4551788181812377	0.4896965312842163	0.5005532740528774	0.4965717170349937	0.0498916228408842	0.5013333794567409	0.5023213803470764	0.5024211042066855	0.5021679055480246	0.4894634940570878	0.4925620655247636	0.5161098500221688	0.4930198047915794	0.4869247262704615	0.4285668610898378	0.4460133320843594	0.4938019699084918	0.4971241251237023	0.4931423773684664	0.503083983875356	0.5315793404304295	0.4494636887319933	0.483153202075272	0.5010197661393302	0.4944094043785368	0.04987183138466204	0.5021641360139537	0.5124426434939302	0.5072302524873503	0.5036598226827183	0.4767445462472338	0.4878003802879156	0.5261508379940917	0.4881206557264852	0.483642729437345	0.4220336995844134	0.4478371859451766
0.2645999999999994	1.141045050195378	0.372590659311461	-0.2473945853225211	0.1235943576054956	-0.1627850067290084	-0.2268230020999908	0.2337742930245187	-0.1022148673687089	-0.03617800639093834	-0.1852956252910853	-8.686332815935735e-06	8.810648258314166e-08	0.4936492918622058	0.4980305723051191	0.5048674530487696	0.5033512632963826	0.521703630549522	0.4540249916986446	0.4884438902395286	0.5004895455116888	0.4961586571680457	0.04988644287135206	0.5014915961571607	0.5040872612430851	0.5035048922542966	0.5023810694120835	0.4870805726442065	0.4916900248517851	0.5180683303388317	0.4918967676194846	0.4863611913899992	0.4274032637308864	0.4464359558318557	0.4943224129236477	0.4967902923861404	0.483449860091914	0.5012334023132657	0.5351375017184069	0.4470782926882631	0.4812199273199148	0.4993658149219805	0.4937806826450046	0.04987229610129794	0.5024001354375128	0.513425560845855	0.5105632450620626	0.5032525328765927	0.4735897545069186	0.4868558459066141	0.5295472131019251	0.4845060610514565	0.4834309970963118	0.421124342723918	0.4492354901367535
0.2678666666666661	1.141794040238021	0.3721961020496387	-0.2475134646253111	0.1229879502832132	-0.1627850548575919	-0.2268230020999908	0.2237877510259421	-0.1398886338850837	-0.03625394618682837	-0.1851559977187986	-1.834833810360411e-05	-1.762129651730968e-07	0.493805778353839	0.4977958912795322	0.500476862238839	0.5028406267939947	0.5242401822270797	0.4526659618258564	0.4870778661386723	0.5001609071816965	0.4957096728664396	0.04988276752159897	0.5016627693748553	0.5057227488767005	0.5049633040287422	0.5024908797841466	0.4845691473597262	0.4908059099927324	0.520266296100096	0.490358639194028	0.4858562639318924	0.4262820482082946	0.4470211391528953	0.4948428559388036	0.4964564596485784	0.4737573428153616	0.4993828207511753	0.5386956630063842	0.4446928966445328	0.4792866525645576	0.4977118637046306	0.4931519609114723	0.04987276081793384	0.5026361348610719	0.5144084781977797	0.5138962376367749	0.5028452430704669	0.4704349627666035	0.4859113115253125	0.5329435882097585	0.4808914663764277	0.4832192647552783	0.4202149858634225	0.4506337943283302
0.2711333333333328	1.142499287440416	0.3716744585652724	-0.2476282087944695	0.1223915715690835	-0.162784987120432	-0.2268230020999908	0.2064418848343862	-0.1793029641356391	-0.03318021257566189	-0.1784144019924434	3.35214273410466e-05	8.810648263679131e-08	0.4940483033192323	0.4975407694654789	0.4948947173671192	0.5020166874527672	0.5269781788415162	0.4510748023228078	0.4855978835618962	0.4994696374853723	0.4952249789238614	0.04988094394876838	0.5018461215436633	0.5071523477934321	0.5068617261656108	0.5024521253540207	0.48223078209799	0.4899341407365486	0.5227262429196672	0.4883534040217011	0.4854328015264488	0.4252322655496102	0.4478042278417922	0.4956644516337876	0.4960756927269095	0.4604053306021295	0.496464088512456	0.5426303222698593	0.4415819021389039	0.4771198664849891	0.4943839337971521	0.4924539043543464	0.04987874354826045	0.5028889422552589	0.5142465187158445	0.5187442367246468	0.5017018641594747	0.4705544256750832	0.485228551108833	0.5370823636593993	0.475837785196578	0.4833923798920933	0.4197304267152142	0.4527709952581955
0.2743999999999994	1.14313263869698	0.3710258448476821	-0.24772490184142	0.1218324977686015	-0.1627850076687231	-0.2268230020999908	0.1797698250069857	-0.2176255113692222	-0.02520223871252035	-0.1623162546691437	-7.240065496510483e-05	-1.762129651730968e-07	0.4943872877897992	0.4972647182051433	0.4880178963741496	0.5008437912995723	0.5299154927438491	0.4492304067579601	0.4840034914862738	0.4983391331847268	0.4947047437206941	0.04988120117408557	0.5020410431280145	0.5083168739145146	0.5092514140103183	0.5022293650004895	0.4803018658832011	0.4890938594901174	0.525465806064851	0.4858402858847099	0.4851087218415178	0.4242766864241145	0.4488129268979649	0.4964860473287719	0.4956949258052409	0.4470533183888978	0.493545356273737	0.5465649815333349	0.4384709076332755	0.4749530804054208	0.4910560038896739	0.4917558477972209	0.04988472627858706	0.5031417496494465	0.5140845592339095	0.523592235812519	0.500558485248483	0.4706738885835632	0.4845457906923538	0.5412211391090407	0.4707841040167287	0.4835654950289087	0.4192458675670062	0.4549081961880613
0.2776666666666661	1.143662318166157	0.3702570629231217	-0.2477843820228029	0.1213439440660059	-0.1627851049123431	-0.2268230020999908	0.1425058952544785	-0.2511347331380903	-0.008093655964045574	-0.1337265796854014	1.439127800194129e-05	8.81064825664424e-08	0.4949158809649062	0.4969733151837923	0.4789795581025655	0.4990402599717104	0.5329778513236472	0.4469213402337262	0.4823301393174795	0.4958253666375514	0.4941617104391411	0.04989104747509438	0.5022416531049353	0.5089316261786183	0.5124328441918768	0.5013585215298453	0.4792403802006936	0.4885551442059866	0.5286868754726286	0.4824844346815001	0.4850373515244518	0.4238012972809037	0.4503673008672663	0.4985912733142447	0.4953376097460701	0.4209652711646659	0.4866306543366769	0.5500284117681511	0.4323783082499905	0.4729725191458752	0.4757965654606524	0.4911359172835188	0.04994913068222328	0.5033488319864038	0.5100586304155277	0.5329415955488003	0.4936131872645586	0.4769755661712769	0.4870883048973437	0.5482834935378195	0.4607944868339917	0.4857326407719255	0.4234681282513402	0.461243755069753
0.2809333333333328	1.144050494041642	0.3693976586919739	-0.2477573928467402	0.1209788857405894	-0.1627849036658228	-0.2268230020999908	0.09313497172633341	-0.2731085562185495	0.02773818421332838	-0.08670684006972505	0.0001103484104662641	-1.762129651730961e-07	0.4957071017988846	0.4966709327315766	0.4671001802758753	0.4963852822326353	0.5361070293784211	0.4439818675037973	0.4806056151289974	0.4911883198453176	0.493605868377838	0.04991543614449989	0.50244334132331	0.5087734127691573	0.5166415577749701	0.4994758046046761	0.4794053184146352	0.4885297055320755	0.5325477202783649	0.4780233607126011	0.4853388807851265	0.4241086470489245	0.4527182330745173	0.500696499299717	0.4949802936868991	0.3948772239404337	0.4797159523996165	0.553491842002967	0.4262857088667052	0.4709919578863294	0.4605371270316307	0.4905159867698164	0.05001353508585948	0.5035559143233611	0.5060327015971456	0.5422909552850812	0.4866678892806339	0.4832772437589903	0.4896308191023332	0.5553458479665981	0.4508048696512544	0.487899786514942	0.4276903889356739	0.4675793139514444
0.2841999999999994	1.144256262873593	0.3684915012312963	-0.2475725928184477	0.1208024349682402	-0.1627850526946855	-0.2268230020999908	0.03112975475207103	-0.2782466417315716	0.09135752578038328	-0.01729754324501125	-0.0001215339036743705	8.810648256872042e-08	0.4967490028644027	0.4963745932974558	0.4529940073529035	0.4930008033783927	0.5390945023535991	0.4406316755200853	0.4789345659110631	0.4849050855314068	0.4930742289604256	0.04995391078217641	0.5026301660665944	0.5077074779506607	0.5217617133065627	0.4968030762644901	0.4815995449652199	0.4889665293216534	0.536726472445339	0.4727361077233891	0.4860503079810089	0.4253981460405692	0.4559934826998916	0.5031870997388077	0.4948003376430693	0.3702994765118495	0.4725263784406016	0.5546468318984951	0.4215042116482451	0.4701342964343818	0.4466174068450976	0.4903038054879577	0.05010372671448721	0.5035784840982672	0.4988831283867605	0.5523386637532978	0.4802966922145837	0.5014346739705885	0.4926025743503568	0.5599183289821279	0.4418721519424115	0.4912459678885211	0.4358124883889349	0.477003717973791
0.2874666666666661	1.144242662657877	0.3676022231820974	-0.2471216318195199	0.1208921829097959	-0.1627851746504318	-0.2268230020999908	-0.04117260847781416	-0.2627742226600992	0.1906938805205689	0.07627196436187492	0.0001269237877998309	-1.762129651730962e-07	0.4980322180751599	0.4960976407201392	0.4371425005964104	0.4889824136537974	0.5417767989217077	0.4370429672994485	0.4773990221633833	0.4773496335250372	0.4925958051741464	0.05000617023829028	0.50278963056904	0.5056281707892526	0.5277024949068967	0.4935142499365421	0.4864523687170866	0.4898256249645578	0.5409708062285491	0.466841409326437	0.4872006356677946	0.427826094043678	0.460293184639416	0.5056777001778981	0.4946203815992394	0.3457217290832653	0.4653368044815867	0.5558018217940229	0.4167227144297848	0.4692766349824342	0.4326976866585643	0.4900916242060988	0.05019391834311493	0.5036010538731732	0.4917335551763752	0.562386372221514	0.4739254951485334	0.5195921041821865	0.4955743295983802	0.5644908099976574	0.4329394342335685	0.4945921492621	0.4439345878421958	0.4864281219961375
0.2907333333333327	1.143977209614349	0.3668004307158987	-0.2462827465669808	0.1213288160872005	-0.1627846919570429	-0.2268230020999908	-0.1218445319630505	-0.2258233045323131	0.3267298141686066	0.1933614327705732	8.360093145949795e-05	8.810648258953574e-08	0.4993503527697672	0.4958687194285246	0.4223186953524983	0.4850024525633232	0.5438002713021184	0.4340326380263562	0.4761765956567493	0.4709461171510206	0.4922328734258705	0.05005699848484119	0.5028948831763987	0.5024018560336431	0.5337840952952957	0.4907763621145832	0.49469131251108	0.490600146677959	0.5442725626495751	0.4614209029442775	0.4886199795313936	0.4308074249820501	0.464985608450824	0.5062342118943274	0.4948146026940559	0.3501160653717982	0.464751794783817	0.5522049379999943	0.4210273849279778	0.470769560570569	0.4446170253287262	0.4907150726297079	0.05020171847022988	0.5032544852820187	0.4809930268196176	0.566114890626195	0.4799870803494407	0.5515892435291215	0.493456016193005	0.5573880125774807	0.435455501395113	0.4968270353986529	0.4474845682001455	0.4905053360508524
0.2939999999999994	1.143443378572287	0.3661418436129577	-0.2449620365718053	0.122170549755544	-0.1627851838030698	-0.2268230020999908	-0.2054856688040499	-0.1750974696451966	0.4856886209102199	0.3242926730999342	-0.0004697329974637271	-1.762129651730961e-07	0.5005416151552818	0.4957102837052299	0.4106963669946223	0.4815879731389255	0.5448876803289961	0.432241022565644	0.4754065126729311	0.467594835306962	0.4920342517600227	0.05009635733077542	0.5029248747826338	0.4979237532196094	0.5394736112954353	0.4895042575234102	0.5068865123365754	0.490892784944233	0.5458414120662318	0.4573224835566537	0.4901751708476365	0.4338835368734036	0.4695755530265862	0.5067907236107567	0.4950088237888725	0.3545104016603312	0.4641667850860474	0.5486080542059657	0.4253320554261709	0.4722624861587039	0.4565363639988882	0.4913385210533173	0.05020951859734482	0.5029079166908643	0.47025249846286	0.569843409030876	0.4860486655503481	0.5835863828760566	0.4913377027876299	0.550285215157304	0.4379715685566576	0.499061921535206	0.4510345485580953	0.4945825501055675
0.2972666666666661	1.142640199654357	0.3656653925183641	-0.2430961447904293	0.1234541921827171	-0.1627852905832183	-0.2268230020999908	-0.2837592522850862	-0.1163139260845205	0.6595061896148052	0.4617389964821836	0.0002894655717975442	8.810648258776165e-08	0.5018817568505025	0.4956681927312282	0.3997981162355868	0.4777560132833076	0.5444726789662907	0.4310658887319837	0.4753728417771746	0.4634983212066616	0.4920996554024002	0.05015296356654297	0.5028365024906659	0.4906205102489951	0.545755394638857	0.4878075991879742	0.5221995904440493	0.4918892172114312	0.5462602120416982	0.4534827524647312	0.4924603149716348	0.4380748883610609	0.4746895729969558	0.5103223850773572	0.4958809905059513	0.3363086550342927	0.4532038147394845	0.5365066701668344	0.4250241744915949	0.4779861324852847	0.4300990526596794	0.4934581624711744	0.05040191279381841	0.5019061156470641	0.4385872531881706	0.5843158101642664	0.4729079867813943	0.6136837789509864	0.5021386958943601	0.5465426780940218	0.4306822914727884	0.5085248166526742	0.4667202817220567	0.5057906311914726
0.3005333333333327	1.141605800311296	0.3653838425554788	-0.2406348904963958	0.1251880817318048	-0.1627840432545876	-0.2268230020999908	-0.3470491943943809	-0.0557702461503805	0.8501962817209574	0.5999541763129927	0.0003593131938685143	-1.762129651730924e-07	0.5035869366197609	0.4957783954228128	0.3876819168977396	0.4727360156417441	0.5421112862513495	0.4300351736379869	0.4762982596645533	0.4556796628184681	0.4925072504937334	0.05024576160207214	0.5025959777780206	0.4792586249019022	0.5534010597805972	0.4842045280013959	0.5399731151787472	0.4945188705092948	0.5459858924487883	0.4490681121653497	0.4959411268423299	0.4441813362930525	0.480818770502537	0.5138540465439578	0.4967531572230304	0.3181069084082545	0.4422408443929219	0.5244052861277035	0.4247162935570191	0.4837097788118657	0.4036617413204708	0.4955778038890318	0.05059430699029201	0.5009043146032645	0.4069220079134814	0.598788211297657	0.4597673080124408	0.6437811750259165	0.5129396890010908	0.5428001410307397	0.4233930143889194	0.5179877117701428	0.4824060148860184	0.516998712277378
0.3037999999999993	1.140402132763789	0.3652934977259994	-0.2375185906997528	0.1273654200416836	-0.1627858363272835	-0.2268230020999908	-0.3800346067999895	-0.005207039789638579	1.062084256195118	0.7275075341777453	-0.0008176952534588908	8.810648259122119e-08	0.5057501587186273	0.4960866127065724	0.37500878699532	0.4665356542326612	0.5371841416333717	0.4293239765676901	0.478477953624393	0.4425765824696619	0.4933648790217564	0.05038938098941523	0.5021528933969839	0.4630548633040426	0.5625778908654208	0.4779147183059146	0.5584127054129021	0.4993906452998588	0.5448914660444546	0.4444821630002302	0.5009028685477143	0.4532495703768338	0.4888690119012578	0.5192048895187346	0.4984652633201412	0.30520343024112	0.4289919183617996	0.5011576129519818	0.4267461915700554	0.4948077114684177	0.3514923234363878	0.4996445484245768	0.0509648239873687	0.4990079680813295	0.3579740900016888	0.6179484396739158	0.4336778581403785	0.6577923365589717	0.5341372060411258	0.536183542126604	0.4196785926122426	0.5331820432666782	0.5141763709540701	0.5408444095794349
0.307066666666666	1.139187296902427	0.3653128176119624	-0.2336675730281079	0.1299045275574573	-0.1627852080022497	-0.2268230020999908	-0.353886937571474	0.01137141636541318	1.300023552130312	0.8214455268609551	0.001841801599724351	-1.762129651730289e-07	0.5084443280812772	0.496628685005476	0.3622969904736759	0.4591609580874695	0.5292056755703344	0.4290695410365615	0.4821433102959428	0.4229642653374968	0.4947570767608723	0.05059347250000971	0.5014677346958093	0.4413949966452733	0.5734170151085939	0.4683264390014112	0.5761119507418756	0.5069818312895558	0.5428773719076417	0.4400412971855856	0.5075691730674335	0.4661000104036634	0.4995502999474556	0.5245557324935111	0.5001773694172519	0.2922999520739852	0.415742992330677	0.47790993977626	0.4287760895830916	0.5059056441249696	0.2993229055523045	0.5037112929601215	0.05133534098444538	0.4971116215593943	0.3090261720898958	0.6371086680501743	0.407588408268316	0.6718034980920267	0.5553347230811605	0.5295669432224682	0.4159641708355657	0.5483763747632133	0.5459467270221214	0.5646901068814916
0.3103333333333327	1.138167801788474	0.3653001653574033	-0.229020483935475	0.1326745927176006	-0.1627825193489306	-0.2268230020999908	-0.2539832136432034	-0.04766170848010323	1.512499384491719	0.8478472927721619	-0.000398616467917979	8.810648258739172e-08	0.5096525343731544	0.497358995018569	0.3714993882727457	0.4571326033893583	0.5186065863002635	0.4348838109643517	0.4870452027848061	0.4177606706419049	0.4966077517097241	0.0506887735367959	0.5005650355200769	0.4181983383120113	0.5796862479849989	0.4657515394018148	0.5918006987111452	0.5116709549298141	0.5342891204796328	0.4444616766898039	0.5130123855731811	0.4751345044973986	0.5067468122202409	0.5073513129675421	0.5018230372127409	0.5362262040623794	0.4764877824032525	0.4536034253733607	0.4974104182428137	0.5170578569075379	0.4790240860812479	0.5079562068613728	0.05060351449389733	0.4950184085542222	0.295064264023387	0.5866029888649817	0.4956381018155943	0.6694485663615208	0.5161482998226835	0.4548883633329514	0.5145711278258592	0.5326999190239877	0.4963312175550656	0.5221921128171212
0.3135999999999993	1.137634502041169	0.3648149402263131	-0.2239991169006966	0.135269582317932	-0.1627891381002555	-0.2268230020999908	-0.05621630492960077	-0.2779589162046794	1.52917331262758	0.7142564086087509	-0.00385660940684534	-1.762129651734224e-07	0.5077937422786811	0.4982417825402654	0.4198219926134686	0.4655620869099641	0.505724355716922	0.4511655223966524	0.4929883075646269	0.4433641014368339	0.4988572509387331	0.05056362107508173	0.4994640270161191	0.3965374487559034	0.5765002923115132	0.4782736602892267	0.6044839838885336	0.5090515063769625	0.5146936609192271	0.4645755830343971	0.5149375117748184	0.4743974547337294	0.5056649540357557	0.490146893441573	0.5034687050082297	0.7801524560507733	0.5372325724758278	0.4292969109704612	0.5660447469025356	0.5282100696901062	0.6587252666101912	0.5122011207626238	0.0498716880033493	0.4929251955490499	0.281102355956878	0.536097309679789	0.5836877953628723	0.6670936346310147	0.4769618765642063	0.3802097834434342	0.6131780848161525	0.5170234632847618	0.4467157080880095	0.4796941187527506
0.316866666666666	1.13794264300424	0.3632235429112505	-0.2194014469512623	0.1370970727633447	-0.1627809719005195	-0.2268230020999908	0.2562924240102642	-0.7287632570813466	1.233728581824673	0.3790769400198101	0.004584224657945762	8.810648258707991e-08	0.505145046650428	0.4990676135098164	0.4801950914013376	0.4762913999173972	0.4921874256444974	0.4690437515388597	0.4989124608014813	0.4628016865584574	0.5012143663283057	0.05042176620144118	0.4982295217805171	0.3680776112856491	0.5745872749815293	0.4882298320582665	0.6068984208659371	0.5079550342748542	0.4957200789093772	0.4894053092663825	0.516399402803994	0.4678183675558749	0.5016978789953808	0.4934719470957522	0.5029670392763315	0.7855113603296533	0.5233776063814641	0.4194978158673852	0.5517707220518081	0.5290324228992203	0.467193676132821	0.5138340076436609	0.0501714715658115	0.4911943109742356	0.1726608315030076	0.5923217413965403	0.4951251350270509	0.5735703056184005	0.5265692590653771	0.4197117523624951	0.614662089031998	0.5300786235664112	0.4235618188488364	0.4837820539122389
0.3201333333333327	1.139383546003743	0.3598420246748295	-0.2162784775867574	0.13757936775545	-0.1627870988784603	-0.2268230020999908	0.6373114724774787	-1.373951317036542	0.6262954034873386	-0.109332644436665	-0.01260753451506592	-1.762129651731582e-07	0.5034914242714447	0.499672313654782	0.5313946952307362	0.482925334201478	0.4792723289794795	0.4815648308603824	0.5039866238450784	0.4470903636210878	0.5034508198836094	0.05039762548422534	0.4969123253151256	0.3262823853646771	0.5823569897515006	0.4817740087099734	0.5933482069776291	0.5153043712837381	0.4864850613764825	0.5103449704421306	0.5197928253728453	0.4584768682964001	0.4990727093522376	0.4967970007499315	0.5024653735444333	0.7908702646085333	0.5095226402871008	0.4096987207643095	0.537496697201081	0.5298547761083346	0.2756620856554512	0.5154668945246982	0.0504712551282737	0.4894634263994216	0.06421930704913742	0.6485461731132919	0.4065624746912297	0.4800469766057865	0.5761766415665482	0.4592137212815562	0.6161460932478438	0.5431337838480609	0.4004079296096634	0.4878699890717273
0.3233999999999994	1.142365157699023	0.3539155054573437	-0.2155470279690587	0.1361953035866362	-0.1627847799099167	-0.2268230020999908	1.143423741948277	-2.189482634643188	-0.1861228354848848	-0.6956145683120217	0.007218028455938964	8.810648258658694e-08	0.501485094771943	0.4995725302380195	0.5832421659110301	0.4935853761578167	0.4745093809897498	0.4931301348982007	0.5048314487048088	0.4265045433152543	0.5042462958733805	0.05024892314666072	0.4961826926241707	0.3004538146901642	0.587764158402683	0.4735755707553558	0.5659401895545912	0.5209473551493923	0.485662479609744	0.5336906481432138	0.5195265026844099	0.4492412376309435	0.5017141808163323	0.486330716535046	0.4958617431051123	0.8929434032063654	0.5825660517570297	0.4893142267764645	0.5640397982685882	0.4894074674420101	0.3682524888794642	0.5013983321625745	0.04925548620043588	0.4954153293975348	0.2719034870263044	0.5830530612979512	0.4569294724960306	0.3793045031040949	0.5237970843329155	0.5026523724001623	0.6835708950090753	0.4945862486706772	0.4052827965179754	0.5405967074558975
0.326666666666666	1.372983052869248	0.08336936900708634	0.1232754609644099	0.2205969565746611	-0.1627844284063088	-0.2268230020999908	1.381088009191747	-2.614730740952429	-1.044463445743379	-1.02726241385313	-0.01381210488376451	-1.762129651731577e-07	0.4980695674701417	0.4983893603400143	0.6434417914365174	0.5146362543779127	0.483802050788405	0.5071898881607537	0.4987978659077893	0.4247746081541097	0.502565811258581	0.04981578052572671	0.4965660436578436	0.3135651096869307	0.5813654854500628	0.4751334470336718	0.5263206670453453	0.5169257574837681	0.4922127446620973	0.5643760769795556	0.5112168218760741	0.4423611913104414	0.5126969410404252	0.4758644323201602	0.4892581126657909	0.9950165418041972	0.6556094632269582	0.5689297327886192	0.5905828993360952	0.4489601587756853	0.460842892103477	0.4873297698004503	0.04803971727259806	0.5013672323956477	0.4795876670034711	0.5175599494826103	0.507296470300831	0.278562029602403	0.4714175270992824	0.5460910235187679	0.7509956967703065	0.4460387134932932	0.4101576634262871	0.5933234258400674
