inDegrees=no
num_controls=21
num_derivatives=0
num_input_controls=0
num_iterations=2
num_multipliers=0
num_parameters=0
num_slacks=0
num_states=33
objective=32909.701773
objective_goal=32908.127253
objective_myeffort=1.574520
solver_duration=6.566069
status=Maximum_Iterations_Exceeded
success=false
DataType=double
version=3
OpenSimVersion=4.5.2-2025-05-03-6a4c6ec41
endheader
time	/jointset/shoulder/elv_angle/value	/jointset/shoulder/extension_angle/value	/jointset/shoulder/rotation_angle/value	/jointset/humerus_ulna/elbow_flex/value	/jointset/ulna_radius_pj/radius_rot/value	/jointset/wrist/wrist_angle/value	/jointset/shoulder/elv_angle/speed	/jointset/shoulder/extension_angle/speed	/jointset/shoulder/rotation_angle/speed	/jointset/humerus_ulna/elbow_flex/speed	/jointset/ulna_radius_pj/radius_rot/speed	/jointset/wrist/wrist_angle/speed	/forceset/Pectoralis_Clavicle_Head/activation	/forceset/Biceps_Short_Head/activation	/forceset/Biceps_Long_Head/activation	/forceset/Deltoid_Medial/activation	/forceset/Triceps_Lat_Head/activation	/forceset/Triceps_Long_Head/activation	/forceset/Brachialis_Proximal_Head/activation	/forceset/Brachialis_Distal_Head/activation	/forceset/Anconeus/activation	/forceset/Deltoid_Posterior/activation	/forceset/Anconeus_Short_Head/activation	/forceset/Subscapularis_SuperiorHead/activation	/forceset/Infraspinatus/activation	/forceset/PronatorTeres/activation	/forceset/FlexorCarpiRadialis/activation	/forceset/Brachioradialis/activation	/forceset/Triceps_Medial_Head/activation	/forceset/Latissimus_Dorsi_Rostral/activation	/forceset/Latissimus_Dorsi_Caudal/activation	/forceset/Pectoralis_Major_Anterior/activation	/forceset/Pectoralis_Major_Posterior/activation	/forceset/Pectoralis_Clavicle_Head	/forceset/Biceps_Short_Head	/forceset/Biceps_Long_Head	/forceset/Deltoid_Medial	/forceset/Triceps_Lat_Head	/forceset/Triceps_Long_Head	/forceset/Brachialis_Proximal_Head	/forceset/Brachialis_Distal_Head	/forceset/Anconeus	/forceset/Deltoid_Posterior	/forceset/Anconeus_Short_Head	/forceset/Subscapularis_SuperiorHead	/forceset/Infraspinatus	/forceset/PronatorTeres	/forceset/FlexorCarpiRadialis	/forceset/Brachioradialis	/forceset/Triceps_Medial_Head	/forceset/Latissimus_Dorsi_Rostral	/forceset/Latissimus_Dorsi_Caudal	/forceset/Pectoralis_Major_Anterior	/forceset/Pectoralis_Major_Posterior
0	1.566877664276213	-0.3807309801433812	0.2134832000823667	0.1797968229666211	-0.1627867014381792	-0.2268230020999908	-2.592804127834929	4.757557306779147	-2.255611287194283	-0.4845276746998703	-0.00269163825807766	-2.900136041196558e-07	0.5189410324228088	0.5082543131111928	0.004930839181043145	0.3053561626186455	0.4136533908000628	0.3148319735767339	0.5444062270156508	0.4511351097557143	0.5148869803413235	0.05153188155943632	0.494268143796985	0.497512215980602	0.66004486052655	0.476452134086947	0.7516239215136038	0.5383439334673557	0.4288579156709779	0.1687244465006982	0.4378721735847958	0.2236821279257721	0.4135598008091739	0.5114057704493499	0.5045801757999868	0.448749622635244	0.446711460133008	0.4502090013973251	0.2452277165932027	0.5251476468335483	0.4838854833251351	0.5085684506187035	0.05080760312384175	0.4965918136352809	0.3746029853528599	0.5326053264415055	0.4915108400756411	0.5546719361358816	0.5190467699256521	0.4562341409176195	0.4728226080239146	0.5494825059261023	0.5593229240053906	0.4842816918476477
0.00326666666666666	1.163575853304526	0.3056456908130194	-0.2080316263751806	0.1259227393480949	-0.1627835536839469	-0.2268230020999908	-1.827623216730486	3.131962524577277	-1.651204333785245	-2.189169977486915	0.002525379955185157	1.450068020606581e-07	0.5169825634684432	0.5069764247807198	0.07655719618052248	0.330257914308994	0.4268805557628484	0.3115581151198922	0.5375616271007786	0.4544077183473363	0.5126022572286068	0.05129445243441185	0.495140394027214	0.4812383785372618	0.6392133412679165	0.4784837230886816	0.7174319808597418	0.5333907505400526	0.4402785428718104	0.2189199809403432	0.4543772887197678	0.2728736261339427	0.4216778850769739	0.5031295493454628	0.4967685736670834	0.4193533381176928	0.4627253350123303	0.5341685677150598	0.342180447255277	0.4825338862463737	0.4584290304711073	0.4941179437664074	0.050479111511465	0.5022844758327962	0.4231992752635166	0.5356335534671747	0.4859886344439615	0.5343437259575284	0.4986177985816724	0.5368702995429331	0.4682793108251754	0.525708619850459	0.4803760670061596	0.4418128766246371
0.00653333333333332	1.159105150932834	0.3143140273241944	-0.2137486082073634	0.1179647946155147	-0.16278387952698	-0.2268230020999908	-0.8789613396332784	2.308945185344197	-2.009426873557434	-2.440886843877007	-0.004818330461385474	-2.900136041218023e-07	0.5139716574634038	0.5046102781159231	0.1311697223538064	0.3536739859302075	0.4518998549063848	0.3249895195263092	0.5247614473843585	0.4528883712915625	0.5082913239033485	0.05103284748943149	0.4968156453631055	0.4757654581858736	0.6223264976705594	0.4792562150642946	0.6854808792058178	0.5258607832228581	0.4632358712102625	0.259977958070353	0.4641768281281628	0.300653174709594	0.4213766089228735	0.4948533282415761	0.4889569715341802	0.3899570536001419	0.4787392098916529	0.618128134032795	0.4391331779173515	0.4399201256591995	0.4329725776170798	0.4796674369141115	0.05015061989908828	0.5079771380303119	0.4717955651741737	0.5386617804928442	0.4804664288122824	0.5140155157791755	0.4781888272376931	0.6175064581682469	0.4637360136264365	0.5019347337748161	0.4014292100069288	0.3993440614016268
0.009799999999999979	1.156733208310002	0.322061133407527	-0.2199063941588676	0.1113949014235686	-0.1627849785867199	-0.2268230020999908	-0.5898637659654898	2.408799194648995	-1.774747299933147	-1.612518058939322	0.002058983721048057	1.45006802057603e-07	0.5111829456725022	0.5020466432002753	0.1700523366211709	0.3731661283986014	0.4791202568526667	0.343116597731803	0.5108616315558089	0.4460920098184418	0.5036012629510347	0.05083198378905446	0.4986445450846591	0.4759533509915839	0.609632870197989	0.4781046597551284	0.6560051766156234	0.5188464454356253	0.488993417519774	0.2917685774800027	0.4702526465517593	0.3178927605789045	0.4192859750273781	0.499397945437639	0.4894001784978794	0.3402905975472363	0.4632471704405008	0.6134747305433832	0.4290012827408491	0.4422839728638185	0.392218975644705	0.4804539733350651	0.05038806189645943	0.5076727848083433	0.4817059302302442	0.5523662741260276	0.4646350136035032	0.5005933492028221	0.4888252686591331	0.6190036837866963	0.4392207032500108	0.499673730010358	0.4065431054403705	0.4177186480171086
0.01306666666666664	1.155142820796611	0.3298856876785247	-0.2254357513610474	0.1072270040331621	-0.1627840589930797	-0.2268230020999908	-0.4004582114038295	2.356362443098014	-1.624674578052528	-0.9702771694650504	-0.003582420228617217	-2.900136041219521e-07	0.509615613104899	0.4999838445033476	0.1941555165462395	0.3868234607003155	0.5010285756735875	0.3565301451593738	0.4996701753717211	0.433636340200677	0.499823380357725	0.05074792566760875	0.500118088044296	0.477761672141318	0.6013231036256012	0.4745074985118679	0.6291765450507391	0.5147722804007888	0.5107068258978502	0.3141809674015218	0.4749418870697515	0.3330985164365718	0.4206064912565557	0.5039425626337023	0.4898433854615788	0.2906241414943308	0.447755130989349	0.6088213270539719	0.4188693875643471	0.4446478200684378	0.3514653736723303	0.4812405097560189	0.05062550389383057	0.507368431586375	0.4916162952863148	0.5660707677592113	0.4488035983947244	0.4871711826264689	0.4994617100805732	0.6205009094051459	0.4147053928735852	0.4974127262459002	0.4116570008738125	0.4360932346325906
0.0163333333333333	1.154055197150005	0.3373942205533159	-0.2304303178881975	0.1049295110465503	-0.1627865408084068	-0.2268230020999908	-0.2753296029636913	2.228905748017999	-1.432311507197068	-0.4587491709800417	0.001000879901017218	1.450068020620186e-07	0.5081467094969105	0.4983696933395794	0.2168367691872961	0.3993496825301663	0.5181695788286247	0.3679955303487259	0.490909387477231	0.4242392998469837	0.4968652974251628	0.05067647335080128	0.5012716112429304	0.4819969609726119	0.59344467369085	0.4718250410281276	0.6036049687110628	0.5115035415057702	0.5276476580239828	0.3335704294078854	0.4778213681692054	0.3454539170468771	0.4229769148154615	0.4977789776373397	0.4906769362774496	0.3673749071231697	0.4756111336072928	0.5998973824325948	0.4316461131039357	0.4491700636297791	0.4014316746732473	0.4827689549177827	0.05034336763961803	0.506767026967316	0.514221824416105	0.5421548810339203	0.4674230129394462	0.4627381716496369	0.4909827114329029	0.605349062313346	0.4458316745259446	0.4874312821522138	0.4031229954556751	0.4336704536542322
0.01959999999999996	1.15327934825647	0.3443708259150354	-0.2347875628564319	0.104083509304965	-0.1627844587132246	-0.2268230020999908	-0.2095757095229053	2.030692537135769	-1.234477705247083	-0.08160906026513479	-0.00078818930447099	-2.90013604122849e-07	0.5058958956478751	0.4971632732740212	0.24855806556928	0.4144301330267067	0.5309697181881632	0.3796794719244443	0.484361425456679	0.4247360386809653	0.4946545808879224	0.05054887558399462	0.5021328128984864	0.489291287859584	0.5828952216690442	0.4726915759337312	0.578200732597372	0.5073667322108795	0.5392445544791845	0.3549201732961082	0.4785594891511647	0.3543185636886979	0.4245470536431541	0.4916153926409771	0.4915104870933205	0.4441256727520086	0.5034671362252368	0.5909734378112179	0.4444228386435245	0.4536923071911205	0.4513979756741642	0.4842974000795466	0.05006123138540549	0.5061656223482572	0.5368273535458952	0.5182389943086294	0.4860424274841679	0.4383051606728052	0.4825037127852326	0.5901972152215459	0.4769579561783041	0.4774498380585274	0.3945889900375378	0.4312476726758739
0.02286666666666662	1.152643886483665	0.3506238504775573	-0.2384986050499974	0.1042839390968176	-0.1627857909470141	-0.2268230020999908	-0.1854874326674626	1.795492070456139	-1.039256962319021	0.1911953413857319	-7.71860866349471e-05	1.450068020593249e-07	0.5032984701364029	0.4962969156752128	0.2842842960038157	0.4301917070266343	0.5401521297940109	0.3908413849120136	0.4796602621741747	0.4305211226641432	0.4930678166210345	0.05040231616310457	0.5027501242982541	0.4976802968519489	0.5712560422542292	0.4753872153526651	0.5548131621219655	0.5031740108817301	0.5468004921630872	0.3763611074878956	0.4780691222619983	0.3607540236619075	0.4254961642363923	0.4889863474320438	0.4923670296505107	0.4802874327081997	0.5145304711060203	0.5818226263309573	0.4489738352398979	0.4583508964428712	0.4672397497145392	0.4858751016460301	0.04993562434709858	0.5055466168582741	0.5425556552528498	0.5075256680269733	0.491623104046257	0.4358900871416737	0.4817973422849307	0.5796056675504189	0.4901733767325364	0.4738816344635598	0.3914473630143736	0.4293140882525961
0.02613333333333328	1.152028264925291	0.3560870152948622	-0.241588272730753	0.1052468967379295	-0.1627852878463878	-0.2268230020999908	-0.1974286394623764	1.547104938023478	-0.8540443300573165	0.3852447249957219	0.0003354848276992623	-2.900136041226114e-07	0.5006957028445655	0.4957175690571202	0.3200751947105899	0.4451672419321798	0.546283016680834	0.4009008883052347	0.4765187930346532	0.4379835061456256	0.4920082404000285	0.05026133285445837	0.5031615077801538	0.5056248521079141	0.5597678483550143	0.4785636508894315	0.5348957107090896	0.4995620372653852	0.5513361103512593	0.3964294452609505	0.4770662234584592	0.365590613736016	0.425964511861974	0.4863573022231103	0.4932235722077007	0.5164491926643905	0.5255938059868038	0.5726718148506964	0.4535248318362711	0.4630094856946216	0.4830815237549141	0.4874528032125133	0.04981001730879168	0.5049276113682909	0.5482839569598041	0.496812341745317	0.4972037806083458	0.4334750136105419	0.4810909717846286	0.5690141198792918	0.5033887972867684	0.470313430868592	0.3883057359912089	0.4273805038293181
0.02939999999999994	1.15132382141119	0.3607386856822178	-0.2440930520980589	0.1067376533840673	-0.1627851694762393	-0.2268230020999908	-0.2364998963461758	1.303401597438645	-0.6810660695738782	0.5197154148452098	-0.000147830619854766	1.45006802003918e-07	0.4982778445523249	0.4953814918253275	0.3540383706793583	0.4587169859794371	0.5498271417246356	0.4097442398643109	0.4747005823220507	0.445615530337251	0.491396207696658	0.05013714872215368	0.5033981490181523	0.5123790373410344	0.5489942423689353	0.48167028436191	0.5184305269403564	0.4967248193514076	0.5534851389782338	0.4146046538791488	0.4760085435655599	0.3696499126428471	0.4262415948978859	0.4859455485529894	0.4941419387788882	0.5306863730560717	0.5275971897331995	0.5628587737460323	0.4545428209201752	0.4680185937021875	0.4846393435471263	0.4891522574329386	0.04977667628471339	0.5042619083633875	0.5443823142487028	0.4930025944686622	0.4973007445128395	0.4377161960934604	0.4838170856309494	0.5598043040580085	0.5077831588331486	0.471080862888082	0.3915695005990774	0.4278737708891388
0.0326666666666666	1.150465906558285	0.3646192002137251	-0.2460481748603355	0.1085917504439944	-0.1627855011462065	-0.2268230020999908	-0.2913906836275465	1.074968699749074	-0.5175198779985519	0.6076980395605514	5.995006303920677e-05	-2.900136041277129e-07	0.4961940545728099	0.495254392177541	0.3846948777662216	0.4703398544322106	0.5511485296131169	0.4172824180038578	0.474020207215391	0.452235535449501	0.4911692760079713	0.05003716997416037	0.5034844931101456	0.5173581883882646	0.5393773119698028	0.4842755292333968	0.5054020877030312	0.4948144178395063	0.5537441179354683	0.4304796273545646	0.4752550028483875	0.3735755206349776	0.4265543173904168	0.4855337948828686	0.4950603053500756	0.5449235534477528	0.529600573479595	0.5530457326413682	0.4555608100040794	0.4730277017097533	0.4861971633393387	0.4908517116533638	0.04974333526063512	0.503596205358484	0.5404806715376016	0.4891928471920074	0.4973977084173331	0.4419573785763789	0.4865431994772702	0.5505944882367254	0.5121775203795289	0.471848294907572	0.3948332652069458	0.4283670379489595
0.03593333333333326	1.149412475268707	0.3677873945220263	-0.2474843801808181	0.1106702851576495	-0.1627852275956349	-0.2268230020999908	-0.3529598855142095	0.8678840244698668	-0.3650164048300528	0.6590894937970307	7.292942854785086e-05	1.450068021822154e-07	0.4943973862393988	0.4953105831499856	0.4125394734399582	0.4802486861414911	0.5505162814535723	0.4238738263317076	0.4743385645733103	0.4585670263693775	0.4912803937307827	0.04995639133564403	0.5034386636029027	0.5204732028830076	0.5307634905256404	0.4866699001079544	0.4954915826462019	0.4935824535952425	0.5522569088626629	0.4444038225338959	0.4748665001290263	0.3774272211690052	0.4267411493486423	0.4852401548890664	0.496095875585564	0.5583047311019916	0.5302320691663014	0.5419411897827318	0.4581605660710893	0.4786844493127711	0.4941992631509614	0.492770514789769	0.04972220868757427	0.5028421366022127	0.5319795101105322	0.4858892668731513	0.4998931531562098	0.4492819804908192	0.4882148169507555	0.5392913419252505	0.5160546521798239	0.4739366655275859	0.3985230579634349	0.4270382179078063
0.03919999999999992	1.148163870079512	0.370309903071954	-0.248454031137775	0.1128600081667838	-0.162785250730215	-0.2268230020999908	-0.4108849078830187	0.6796508885000248	-0.2318743493092921	0.6757725061804679	-0.0001216939074280919	-2.900136041051089e-07	0.4928510337637751	0.4955299281948791	0.4379597195603843	0.4886100955856983	0.5481412883995327	0.4297993361852374	0.4755465959934073	0.4651771409448274	0.4916926753877784	0.04989150941273245	0.5032748672942942	0.521654013235048	0.5230321879457287	0.489081128774128	0.4884472022219154	0.492834216907913	0.5491362348985017	0.4566510917026804	0.4748907611109899	0.3812517253723233	0.4266754234636022	0.4849465148952641	0.4971314458210523	0.5716859087562305	0.5308635648530077	0.5308366469240953	0.4607603221380992	0.4843411969157889	0.5022013629625839	0.4946893179261742	0.04970108211451343	0.5020880678459411	0.5234783486834629	0.482585686554295	0.5023885978950865	0.4566065824052594	0.4898864344242407	0.5279881956137757	0.5199317839801189	0.4760250361475997	0.4022128507199239	0.4257093978666529
0.04246666666666658	1.146742195889957	0.3722484691794559	-0.249027560607358	0.1150534812832594	-0.1627853363075698	-0.2268230020999908	-0.4569374847639003	0.510357072037158	-0.1239751332049986	0.6632509433361862	3.986787518712645e-05	1.450068024156121e-07	0.4915823737815175	0.4958693318630369	0.4603729731091916	0.4953528968384699	0.5444826759185004	0.4350560230901229	0.4774091807616189	0.4717331950931671	0.4923265995492631	0.04984340982419218	0.503024374320397	0.5210203814445369	0.51633607483417	0.4914057855884578	0.4840689171098451	0.4925002237457984	0.5448485643163999	0.4671001739574842	0.4753480881201563	0.3850730998779966	0.4264040279962877	0.4854738638044016	0.4979887584496033	0.57337723658946	0.5275604811344538	0.5216288014740177	0.4619933797204467	0.4890257848896314	0.5068685814379371	0.4962794892847414	0.04971813842168655	0.5014642466378982	0.5125093560491415	0.4828304939265583	0.5037070010004846	0.4672947854895041	0.4917120438785602	0.5188865151915827	0.5190298163172573	0.4791765244295368	0.4061286104923746	0.4244240068873773
0.04573333333333324	1.145195468971981	0.3736646901880987	-0.2492947674154756	0.117167641734187	-0.1627851825474218	-0.2268230020999908	-0.4874478028345077	0.3598477667495836	-0.04432986269783953	0.6272137313552	2.483925757572146e-05	-2.900136042315422e-07	0.4906128633637452	0.4962950123881354	0.4793224733735357	0.5004211421237393	0.5399004430640323	0.4396415874927614	0.4797420311682162	0.4779744524282075	0.49311983204283	0.04981267631103654	0.5027116977834661	0.5186660618113438	0.5107947474373853	0.4935627971478221	0.4821989011807843	0.492526005962768	0.5397596599708352	0.4756559459271134	0.476254384304725	0.3889101779257668	0.4259637111534504	0.4860012127135392	0.4988460710781544	0.5750685644226897	0.5242573974158998	0.5124209560239403	0.4632264373027943	0.4937103728634739	0.5115357999132903	0.4978696606433087	0.04973519472885966	0.5008404254298554	0.5015403634148201	0.4830753012988216	0.5050254041058828	0.4779829885737488	0.4935376533328797	0.5097848347693896	0.5181278486543959	0.482328012711474	0.4100443702648253	0.4231386159081018
0.0489999999999999	1.143578495009737	0.3746187676368873	-0.2493497058453988	0.119130324988964	-0.1627852286243168	-0.2268230020999908	-0.4997310389050155	0.2277796820830715	0.007000118540957527	0.5726611097514468	-2.919075338760659e-05	1.450068022665399e-07	0.4899654700227958	0.4967628155926797	0.4943562484717243	0.5038430278638463	0.5348668167065294	0.4434513095710427	0.4823040676513977	0.4833415823181287	0.4939904660239055	0.0497991179971467	0.5023687057266868	0.5150003390693654	0.5065043130725152	0.4953628427832739	0.4822925552696845	0.4928894871006222	0.5343803530494166	0.4822583432590634	0.4775518840601937	0.3928259654628989	0.4255693846082332	0.487395643147977	0.4993589708301787	0.5645183003322672	0.5179309713024092	0.5069009543367128	0.4618913174828513	0.496514074383785	0.5090290421411944	0.4988195425767014	0.04978559787115983	0.5004654162416927	0.4919245184560431	0.4867516183415139	0.5037922454473277	0.4872991801215253	0.495824407643332	0.5050682925313245	0.5127306786406092	0.4857012511060581	0.4147280116151988	0.4240307810086613
0.05226666666666656	1.141948886934079	0.3751757069815937	-0.2492731672498071	0.1208974769273517	-0.1627852173825365	-0.2268230020999908	-0.4951829743131117	0.1167019887400372	0.03616627537244888	0.5075006805045609	5.993232417799403e-05	-2.900136041021195e-07	0.4896581941876952	0.4972381300601327	0.5051195788534606	0.5056405230089892	0.5297520954760606	0.4464031062489777	0.4849063390769371	0.4873962314178871	0.4948742982825772	0.04980260857610806	0.5020203800643329	0.5103440332392203	0.5035400215707192	0.4966575255198816	0.4839224139339298	0.493573363176913	0.5291112151498952	0.4868601578695382	0.4791952998885262	0.396869824331778	0.4253895079613485	0.4887900735824146	0.4998718705822026	0.5539680362418444	0.5116045451889183	0.501380952649485	0.4605561976629079	0.4993177759040959	0.5065222843690981	0.499769424510094	0.04983600101345999	0.5000904070535298	0.4823086734972659	0.4904279353842058	0.5025590867887724	0.4966153716693015	0.4981111619537839	0.5003517502932592	0.5073335086268222	0.4890744895006419	0.419411652965572	0.4249229461092205
0.05553333333333321	1.140359825177439	0.3754036883730846	-0.2491319505880284	0.1224391889519973	-0.1627851541372227	-0.2268230020999908	-0.4757679836197695	0.02638080747615435	0.04847790601689327	0.4361598442259282	-8.656934394069627e-06	1.450068024453265e-07	0.4896320209982779	0.4976961346055293	0.5121898263714729	0.5061495385514093	0.524823701896155	0.4485694485634458	0.487412724741502	0.4902621712490276	0.4957252709605557	0.04981812284120719	0.5016849295978389	0.5051777629154708	0.5016987693619971	0.4975075598677361	0.4864311347681105	0.4944661623426891	0.5241802004314178	0.4897892597756646	0.4810488222937058	0.4009690253809046	0.4254840592741299	0.4901736307882502	0.5001091767698754	0.5416072846830016	0.5059595525349194	0.4988328201533145	0.4583523415815328	0.5006087705581833	0.5028389586545401	0.5002064773976937	0.04988418371596674	0.4999179561774472	0.4763426672571538	0.494374909117115	0.501025988368948	0.501303487276511	0.4997336078400367	0.4985271085700806	0.501768324244487	0.4915498343807106	0.4235007135301905	0.4269460576903579
0.05879999999999988	1.138853236875827	0.3753709436264202	-0.248968302925868	0.1237454552392844	-0.162785191923216	-0.2268230020999908	-0.4446890222551164	-0.04292625911008119	0.04989954091218617	0.363350229060551	-1.923578100738243e-06	-2.900136041020037e-07	0.4898406845440564	0.4981173724709662	0.5160186980380966	0.50563327922749	0.5202913358329503	0.4500071151258095	0.4897165370774504	0.4920364308900514	0.4965072813083137	0.04984234529776096	0.5013766285255634	0.4998783321871187	0.5008212348414333	0.4979605400274498	0.4893032058290189	0.4954805062238737	0.5197660630626968	0.4913024931172309	0.4830059945175409	0.405066571205617	0.4259000520148405	0.4915571879940855	0.5003464829575479	0.5292465331241584	0.5003145598809202	0.4962846876571437	0.4561484855001572	0.5018997652122704	0.4991556329399817	0.500643530285293	0.04993236641847348	0.4997455053013641	0.4703766610170412	0.4983218828500237	0.4994928899491231	0.5059916028837199	0.5013560537262892	0.4967024668469017	0.4962031398621514	0.4940251792607788	0.4275897740948085	0.4289691692714948
0.06206666666666654	1.13746359773305	0.3751450485248335	-0.2488123472045329	0.124815036156103	-0.1627851585199693	-0.2268230020999908	-0.4052686850660822	-0.09239433466102627	0.04495210693178932	0.2920758195286906	1.436956908301294e-05	1.45006802650374e-07	0.4902076929300374	0.4984934459187553	0.517422113523235	0.5044326072416103	0.516243360863582	0.4508542861858779	0.4917729801826005	0.4930418437268902	0.4972051949732478	0.04987070739821048	0.5011014218888834	0.4947382013478582	0.5006510530028221	0.4981440814426725	0.4921482127035724	0.4965161313759558	0.5159048799472242	0.4917764273214546	0.4849549570518484	0.4090305301244072	0.4265622344851308	0.4925147425199172	0.5004119288713604	0.5199359207974736	0.4966089219412119	0.4955638429822882	0.454103413879638	0.5022612263083993	0.4970664058297056	0.5007654615465367	0.04996495020107804	0.4996969681187077	0.4675709558837859	0.501192307916826	0.4986596329783438	0.506835167375854	0.5020476740290579	0.496334090071917	0.4922115794753245	0.4953984906082849	0.4301322154828029	0.4307543557644999
0.0653333333333332	1.136210981016675	0.3747867865003441	-0.2486787412800071	0.1256574771103802	-0.1627851503412107	-0.2268230020999908	-0.3607977407836563	-0.1239672323157163	0.03621599184523518	0.2242849458718385	-1.736714225008084e-05	-2.900136039808584e-07	0.4906730823015573	0.4988177721309794	0.5170390304494635	0.5028146681402175	0.5127490646383372	0.4512192429614851	0.4935469435888249	0.4935314330443392	0.4978071487041593	0.04990019512758145	0.5008639700914029	0.4899866773036522	0.5009871914013219	0.4981582160864919	0.4946600691753097	0.4974944438850019	0.5126249416642104	0.4915061384476046	0.4868080312402991	0.4127575090043891	0.4274116199786178	0.4934722970457486	0.5004773747851726	0.5106253084707886	0.4929032840015033	0.4948429983074323	0.4520583422591185	0.5026226874045278	0.4949771787194291	0.5008873928077801	0.04999753398368259	0.4996484309360508	0.4647652507505303	0.504062732983628	0.4978263760075641	0.5076787318679876	0.5027392943318264	0.4959657132969318	0.4882200190884972	0.4967718019557906	0.432674656870797	0.4325395422575047
0.06859999999999987	1.135108550990658	0.3743525150618394	-0.2485771481231743	0.1262862008992803	-0.162785160442527	-0.2268230020999908	-0.3142333044221927	-0.1396645190716074	0.02592180947636825	0.1616589989428715	6.164673447621695e-06	1.450067999387767e-07	0.4911891870431991	0.4990910221686111	0.515410116036676	0.5009740896030622	0.5098028271819234	0.4512055971567285	0.4950417051868233	0.493660357536813	0.4983142933608154	0.04992891596084082	0.5006637967475093	0.4857196752489979	0.5016664547554947	0.4980618740705828	0.4967175503132007	0.4983825959697325	0.5098991874176498	0.4907268374303854	0.488516369326812	0.416172621995404	0.4283686184892462	0.4940685045952887	0.5004471802287342	0.5040628064419251	0.4906417248771833	0.4951632845236536	0.4502607809448282	0.5024574598621518	0.4936717751049259	0.5008308671828254	0.05001869310690497	0.4996698233467635	0.4638604966142391	0.5060339705855027	0.4973441765355494	0.5064375274588153	0.5029316797775686	0.4964423499130054	0.4854922909288003	0.4973816041499847	0.4338671724338014	0.4337676384423112
0.07186666666666652	1.134157507369841	0.3738890032873647	-0.2485097911167915	0.1267202545206624	-0.1627851428495416	-0.2268230020999908	-0.2681121865792953	-0.1418694788278522	0.01525508340636712	0.1050991290240593	-4.11447322775218e-07	-2.90013603227515e-07	0.4917186418940487	0.4993137220424386	0.5129589070722649	0.4990634242764904	0.5074002387968831	0.4508945445783271	0.4962598333747089	0.4935502202921795	0.4987275309746514	0.04995562138889057	0.5005005284026742	0.4820124049509296	0.5025608860279863	0.4979012474901788	0.4982256453968839	0.4991548384753712	0.5077063965384565	0.4896228536969736	0.4900416851704502	0.4192171841620157	0.4293708453461015	0.4946647121448289	0.5004169856722956	0.4975003044130616	0.4883801657528632	0.4954835707398748	0.4484632196305379	0.5022922323197758	0.4923663714904227	0.5007743415578709	0.05003985223012734	0.4996912157574761	0.4629557424779479	0.5080052081873774	0.4968619770635346	0.505196323049643	0.5031240652233108	0.4969189865290788	0.4827645627691033	0.4979914063441786	0.4350596879968057	0.4349957346271176
0.07513333333333318	1.133353913707439	0.3734378598911217	-0.2484765296204665	0.1269804335325204	-0.1627851469260765	-0.2268230020999908	-0.2245334167354346	-0.1328743440549476	0.005336416552444843	0.0553439827545887	-1.241155965537327e-06	1.450068020127417e-07	0.4922343238541378	0.4994915383464164	0.5100485116381038	0.4971894262815358	0.505481562137778	0.450371736660917	0.4972319083541761	0.4932877264039377	0.4990572071407151	0.04997964584877094	0.5003701934901462	0.4788566055073181	0.503564897101939	0.4977064261428683	0.4991996369887642	0.4998105365988998	0.5059796549332406	0.4883450225393497	0.4913743939731905	0.4218758111794965	0.4303626324973547	0.4949700526696296	0.5003520354988804	0.4935404294507465	0.4872284192873233	0.4961908346263667	0.447072788324572	0.5019315944639439	0.4915973952342173	0.5006511168096387	0.05005217124502259	0.4997399099207696	0.4630735558257486	0.5091700068748827	0.496603463729472	0.5030360024710999	0.5030771871723823	0.4976771170116018	0.4811527359979125	0.4981230084847116	0.4353311572388239	0.435662808639946
0.07839999999999983	1.132686312421788	0.3730304715150106	-0.2484734413808851	0.1270893474908477	-0.1627851454492959	-0.2268230020999908	-0.1848515477514354	-0.1150806909919265	-0.003218339089819342	0.01248787176035237	2.988541761949531e-06	-2.900136042371407e-07	0.4927149714924982	0.4996289129913621	0.5069634375826412	0.4954357774942428	0.5039999537568661	0.4497042965637777	0.4979818979822	0.4929408283016151	0.4993114313125809	0.05000055028037977	0.5002696786263797	0.4762458043717931	0.5045957056583412	0.4975009956302625	0.4996515289667611	0.500349192356495	0.5046664918458472	0.4870115597749977	0.4925069847124936	0.4241364483555942	0.4313003470643468	0.4952753931944303	0.5002870853254652	0.4895805544884315	0.4860766728217834	0.4968980985128588	0.4456823570186063	0.501570956608112	0.490828418978012	0.5005278920614066	0.05006449025991784	0.4997886040840632	0.4631913691735491	0.510334805562388	0.4963449503954094	0.500875681892557	0.503030309121454	0.4984352474941248	0.4795409092267219	0.4982546106252448	0.4356026264808421	0.4363298826527744
0.0816666666666665	1.132140616378183	0.3726931845833785	-0.2484954220525438	0.127069766792461	-0.1627851397400925	-0.2268230020999908	-0.1501222292067701	-0.09070791646004112	-0.009947003548029817	-0.02341280422889283	7.15283013129079e-07	1.450068049207298e-07	0.4931447826900698	0.4997335066284813	0.503961494278108	0.4938612934816619	0.5028730098526112	0.4489688294071015	0.4985519315898859	0.4925929285851214	0.499504652552422	0.05001809113236128	0.5001933777444368	0.4741221587458413	0.5055808808689605	0.4973127699711736	0.4996670089680774	0.5007776472893666	0.5036793410354167	0.4857247053307308	0.4934493508258775	0.4260140511380363	0.4321438716346738	0.4953256517015269	0.5002309451456487	0.4882878982784756	0.4858543544526905	0.4975137057245607	0.4448988599443706	0.5012592203269188	0.4908666619706867	0.500422925055507	0.0500688094353973	0.4998312908683009	0.4637213866957754	0.5107048889937901	0.4963908463135436	0.4986747709069246	0.502829443720021	0.4989942318715964	0.4790145117496479	0.498101809402673	0.435253077062655	0.4364193419549338
0.08493333333333317	1.131699802689267	0.3724425086186467	-0.2485365193559981	0.1269433304046379	-0.1627851394146052	-0.2268230020999908	-0.1206378612072423	-0.06205356840002968	-0.01492239937282203	-0.0529339789150164	-3.076109767543093e-07	-2.900136058696844e-07	0.4935113704671959	0.4998113242867294	0.5012447129484121	0.4925120803253303	0.502036115957604	0.448225370201063	0.4989750296491789	0.4923093923326913	0.4996481969347962	0.05003210774245371	0.5001368961626153	0.4724403191124001	0.5064636387904244	0.4971635510580534	0.499313263761806	0.5011012641944302	0.502949539692587	0.484564593089627	0.4942092482222578	0.4275203413269657	0.4328617625065509	0.495375910208624	0.5001748049658327	0.4869952420685203	0.485632036083598	0.498129312936263	0.4441153628701355	0.5009474840457261	0.4909049049633617	0.5003179580496079	0.05007312861087678	0.4998739776525389	0.464251404218002	0.5110749724251924	0.4964367422316782	0.4964738599212926	0.5026285783185883	0.4995532162490685	0.4784881142725743	0.4979490081801018	0.4349035276444684	0.4365088012570936
0.08819999999999982	1.131346456094195	0.3722903236981679	-0.2485910329540658	0.1267305939929856	-0.1627851361094294	-0.2268230020999908	-0.09653541990627891	-0.03102620431649693	-0.01824070541320424	-0.07643437261928029	1.867714401222996e-06	1.450068031263e-07	0.4938110162027228	0.4998690915634511	0.4989326923661572	0.4913995960616797	0.5014143879194656	0.4475252545191886	0.4992892735514571	0.4921284497972882	0.4997549033759154	0.05004283216976309	0.5000949746320575	0.4711237546098864	0.507212676771773	0.4970641829810398	0.4987037274747123	0.5013346880418896	0.50240316399397	0.4835756595322611	0.4948084368771402	0.4286913273619913	0.4334368536491784	0.4952561898684659	0.5001438590541686	0.487672914615761	0.4859944922454485	0.4984474611947181	0.4439165014488231	0.5007875991241343	0.4915193504043298	0.5002639512974134	0.05007207645019007	0.4998947173445178	0.4647683538598695	0.510873654426396	0.4966876179112567	0.4948626786735517	0.5023895022136708	0.4997605840018537	0.4787354019312868	0.4976860043312462	0.4342325871281437	0.4361461335379085
0.09146666666666649	1.131063625556223	0.372240422583946	-0.248654303190362	0.1264496982534434	-0.1627851302402321	-0.2268230020999908	-0.07746476502406541	0.0005691701246085144	-0.02028360645145549	-0.09466417966397894	1.262198047284255e-06	-2.900136045408387e-07	0.494040805071265	0.4999120805304225	0.4971191678022445	0.4905328242662424	0.5009491090635201	0.4469087142714235	0.499524511426174	0.4920800644495464	0.4998348358638188	0.0500504175131356	0.5000634903547856	0.4701124626915184	0.5078034554086022	0.4970231660088006	0.49792732706465	0.501489398714027	0.5019822497684554	0.4827927348827903	0.4952639736470282	0.429555229531067	0.4338556908704103	0.4951364695283077	0.5001129131425044	0.4883505871630017	0.486356948407299	0.4987656094531732	0.4437176400275105	0.5006277142025423	0.4921337958452976	0.5002099445452188	0.05007102428950335	0.4999154570364966	0.465285303501737	0.5106723364275993	0.4969384935908349	0.4932514974258105	0.5021504261087533	0.499967951754639	0.4789826895899993	0.4974230004823905	0.4335616466118187	0.4357834658187233
0.09473333333333316	1.13083525816646	0.3722930559343314	-0.2487224808204984	0.1261173428439605	-0.1627851276463571	-0.2268230020999908	-0.06301822532510648	0.03132723080028758	-0.02133744328051509	-0.1081308421681784	8.606800725029718e-07	1.45006799193263e-07	0.4942060722154764	0.4999455077514511	0.4958119430188804	0.4898921536607936	0.5005874010070374	0.4463996454633566	0.4997074089703473	0.4921559202386545	0.4998971824034687	0.05005536485454325	0.5000389586222334	0.4693371372230406	0.5082364867511362	0.4970346374465065	0.4970803972018319	0.5015839388118204	0.5016390445091523	0.482216363329478	0.4956011711976933	0.4301607257715667	0.4341255460410755	0.4949395095915094	0.5001134889332352	0.4901172338388217	0.4869812636668303	0.4987770292083953	0.4439655540839735	0.5006219375164699	0.4929161030774548	0.5002099616296676	0.0500673151497288	0.4999162655732546	0.4656008164748251	0.5101605524979455	0.4972374450305604	0.4924344382220779	0.5019710250211511	0.4998666739700846	0.4796484532330905	0.497169015117208	0.4328460030492761	0.4351934384032659
0.0979999999999998	1.130647553839534	0.3724429502430093	-0.2487929214908313	0.1257477375799064	-0.1627851211231518	-0.2268230020999908	-0.05256901226714046	0.06011669560992354	-0.02166914126558266	-0.1174702130748776	3.667910536831297e-06	-2.900136037388749e-07	0.4943109999424856	0.4999734624025062	0.4950171441887528	0.4894622126850929	0.5002878025620979	0.4460167758584488	0.499858866910307	0.4923495006235649	0.4999491451801738	0.05005800476848526	0.5000186477260675	0.4687434400451445	0.5085121731986969	0.49709400198177	0.4962384531913377	0.5016328435168974	0.501336105867778	0.4818469727848418	0.4958398709010623	0.430545965455717	0.4342521196104078	0.4947425496547113	0.500114064723966	0.4918838805146418	0.4876055789263617	0.4987884489636176	0.4442134681404366	0.5006161608303977	0.4936984103096119	0.5002099787141164	0.05006360600995425	0.4999170741100128	0.4659163294479133	0.5096487685682917	0.4975363964702861	0.4916173790183454	0.501791623933549	0.4997653961855302	0.4803142168761818	0.4969150297520255	0.4321303594867334	0.4346034109878085
0.1012666666666665	1.130488106498845	0.3726826604774471	-0.2488635106655062	0.1253538234370695	-0.1627851152950871	-0.2268230020999908	-0.04550154837747383	0.08607622591802859	-0.02148305979233553	-0.1231840856373226	8.276231755794885e-07	1.450068061466467e-07	0.4943638740748185	0.4999987449229601	0.4946930816040792	0.4892151550121585	0.5000177481275118	0.4457668526180968	0.4999953952061484	0.4926403798543417	0.4999962950677191	0.05005879915678231	0.5000003924627539	0.4682822176245138	0.508644227886152	0.4971918491027799	0.4954598848206082	0.5016507722249829	0.5010466226179585	0.4816674682941262	0.4960015295378977	0.4307584055242435	0.434255375140654	0.4945219315198864	0.5001364846192459	0.4941880822114497	0.4883253457818403	0.4985425143270064	0.4447927863734661	0.5007407604843522	0.4944771553766151	0.5002544520700221	0.05005862001645498	0.4999009700876081	0.4660192406803401	0.5089829456778794	0.4978209662546362	0.4914938859438612	0.5016925884012547	0.4994305006088142	0.4811939159432452	0.4967152331505131	0.4315293940464187	0.4339604937928217
0.1045333333333331	1.130347338756678	0.3730016010685718	-0.2489328484963533	0.1249463167068368	-0.1627851096574521	-0.2268230020999908	-0.04113252337681648	0.1086250772549094	-0.02090301239143391	-0.1257922053580598	3.551320926837816e-06	-2.900136048106839e-07	0.4943711898890892	0.5000235505332922	0.494807091752847	0.4891291532543241	0.4997517039380922	0.4456551640917196	0.5001299345773983	0.4930125498464368	0.5000429989105935	0.05005805274429934	0.4999824955033851	0.4679149321446666	0.5086434021536875	0.4973208024414099	0.4947904600817083	0.5016492161419576	0.5007495727356021	0.4816644519189802	0.496102965974588	0.4308352384291385	0.4341509607600211	0.4943013133850615	0.5001589045145258	0.4964922839082578	0.489045112637319	0.4982965796903953	0.4453721046064957	0.5008653601383067	0.4952559004436182	0.5002989254259277	0.05005363402295572	0.4998848660652035	0.4661221519127667	0.5083171227874672	0.4981055360389866	0.4913703928693772	0.5015935528689606	0.4990956050320982	0.4820736150103086	0.4965154365490009	0.4309284286061041	0.4333175765978349
0.1077999999999998	1.130217130021319	0.3733881289865493	-0.2489997810000882	0.1245348769753556	-0.162785101886931	-0.2268230020999908	-0.03882953006917368	0.1273561354104123	-0.02004123722472164	-0.1257370654924172	1.710155044406977e-06	1.450068033153839e-07	0.4943413700022727	0.500049178352441	0.4952993555752836	0.4891765870045013	0.4994742436842006	0.4456775910003088	0.5002702745814066	0.4934469346796711	0.5000917536304782	0.05005613848818487	0.4999640118019363	0.4676111916779348	0.508527911108244	0.4974729624754216	0.4942547746668084	0.5016373099653049	0.5004335645386112	0.4818143892502141	0.4961601296988918	0.4308149867049478	0.4339615475414576	0.4940881993297656	0.5001955815897162	0.4989729949514681	0.4897636135447038	0.4978779291073663	0.4461797659173053	0.5010771655397953	0.4959739809386112	0.5003717410751275	0.05004826163995318	0.4998584123497105	0.466056889644124	0.5075989008405789	0.4983598357054334	0.491753175626735	0.5015624996196023	0.4986121113291307	0.4830308635341711	0.496381910357252	0.4305069309418831	0.432724669316939
0.1110666666666665	1.130092068685812	0.3738292934040898	-0.2490635569954405	0.124127268901988	-0.1627850951915476	-0.2268230020999908	-0.03798105407971009	0.1420759953547624	-0.01897045623881942	-0.1234462922272761	2.893073258082857e-06	-2.900136049948611e-07	0.4942810168924913	0.5000766467412463	0.4961229988214249	0.4893358056299352	0.4991732723075448	0.4458309057353928	0.5004225208451841	0.4939285835968042	0.5001445164988225	0.0500533024344136	0.4999442005266291	0.4673471681452837	0.5083120352136719	0.4976421371432216	0.4938721064425686	0.5016222141925937	0.5000896663523318	0.4820988347208174	0.4961855226900781	0.430727840962752	0.4337049056072852	0.4938750852744697	0.5002322586649065	0.5014537059946786	0.4904821144520886	0.4974592785243373	0.4469874272281149	0.5012889709412837	0.4966920614336042	0.5004445567243272	0.05004288925695066	0.4998319586342174	0.4659916273754813	0.5068806788936905	0.4986141353718802	0.4921359583840929	0.501531446370244	0.4981286176261632	0.4839881120580337	0.4962483841655032	0.430085433277662	0.4321317620360432
0.1143333333333331	1.129968022782334	0.3743118677728878	-0.2491235785423614	0.1237303845264474	-0.1627850871584571	-0.2268230020999908	-0.03803658455207799	0.1527095513798176	-0.01776186210598621	-0.1192881186672189	2.219705320991591e-06	1.450068045687555e-07	0.4941978367884869	0.5001065653745088	0.4972091086238253	0.4895813002664831	0.4988463994324347	0.4461031179486342	0.5005878852938548	0.4944387038967149	0.5002016904073263	0.05004984072465966	0.4999225867856857	0.4671071882294554	0.5080162125050885	0.4978208198162154	0.4936423612981158	0.5016090175993864	0.4997178692609263	0.4824911688287155	0.4961898755470877	0.4306015882967354	0.4334025755140111	0.4936911360783076	0.500279755439187	0.5037909247074807	0.4911255179106043	0.4969656056427774	0.4479166388279438	0.5015387770924309	0.4972847156453429	0.5005301059537782	0.05003781335433094	0.4997972889219887	0.4658221802645825	0.506201067815751	0.4988145784897023	0.4928237350983443	0.5015535952677245	0.4975892455684784	0.4849028124398854	0.4961769372886838	0.4298552497237201	0.4316565046756448
0.1175999999999998	1.129843098041593	0.3748226305699124	-0.2491794994533691	0.1233495925443473	-0.1627850794183483	-0.2268230020999908	-0.03851911771007539	0.1593342167180115	-0.01645986282259957	-0.1135938064473837	2.713696685661299e-06	-2.900136061563787e-07	0.4940978705705822	0.5001394121693988	0.4985036809655289	0.4898930752279074	0.4984917510461632	0.4464848314529026	0.5007673179043974	0.4949625663260314	0.50026359117733	0.05004594872773535	0.4998987983072292	0.4668789635996989	0.5076564658982955	0.4980031263362082	0.4935654650211387	0.5016017091703106	0.4993181664611454	0.4829705275333003	0.4961815994466514	0.4304580060341642	0.4330714410775721	0.4935071868821455	0.5003272522134676	0.506128143420283	0.49176892136912	0.4964719327612175	0.4488458504277725	0.5017885832435782	0.4978773698570816	0.5006156551832293	0.05003273745171121	0.4997626192097601	0.4656527331536836	0.5055214567378115	0.4990150216075244	0.4935115118125958	0.5015757441652049	0.4970498735107938	0.4858175128217371	0.4961054904118644	0.4296250661697783	0.4311812473152463
0.1208666666666664	1.129716382122981	0.3753486167308349	-0.2492310687829438	0.1229895771422112	-0.1627850718676077	-0.2268230020999908	-0.03900918693623178	0.1620968961563874	-0.01510595192562697	-0.1066567901963838	2.056773144279555e-06	1.45006803272102e-07	0.4939876315942099	0.5001742597472192	0.4999384360001378	0.4902494953794688	0.4981155929731549	0.4469593626776951	0.5009575122884861	0.4954838657818381	0.500328962830112	0.0500418561027545	0.4998734737508858	0.466658106394888	0.5072525738721503	0.4981832241650092	0.4936264889678937	0.501601659982658	0.4988991369932959	0.4835108583321651	0.4961670165676002	0.4303150307981776	0.4327300229454457	0.493365928882578	0.5003697468625815	0.5080832649300409	0.4922915666198288	0.4959961174619003	0.4497989096648852	0.5020278207940126	0.4983066532032631	0.5006959528162037	0.05002846059648686	0.4997310785678775	0.4654553749861472	0.5049456397733858	0.4991544246215641	0.4943302653229166	0.5016257226471911	0.4965551993341417	0.4866013100986266	0.4960827991170884	0.4295700817284475	0.4308651313243315
0.1241333333333331	1.129588583437698	0.3758777355852235	-0.2492781443440061	0.1226538592255362	-0.1627850650166566	-0.2268230020999908	-0.03918203608028729	0.1612521923095171	-0.01370857597832433	-0.09871779494053964	2.285254100569948e-06	-2.900136049891324e-07	0.4938722256380272	0.5002103811490688	0.5014598628246435	0.4906336014149189	0.4977228380099416	0.4475136371822953	0.5011558768386464	0.4959898223723705	0.5003968208379779	0.05003771435839042	0.4998471137690313	0.4664411761751023	0.5068200420390282	0.4983565413592363	0.4938137318052075	0.5016099447965772	0.4984675073374323	0.4840917412050427	0.4961510825629807	0.4301867199346889	0.4323928376463265	0.49322467088301	0.5004122415116948	0.5100383864397984	0.4928142118705371	0.4955203021625827	0.4507519689019971	0.5022670583444466	0.4987359365494442	0.5007762504491778	0.0500241837412625	0.4996995379259946	0.4652580168186106	0.5043698228089597	0.4992938276356034	0.4951490188332371	0.501675701129177	0.4960605251574894	0.4873851073755158	0.496060107822312	0.4295150972871163	0.4305490153334161
0.1273999999999997	1.129461064459919	0.3763984902034898	-0.2493206064548068	0.1223454501017204	-0.1627850586018056	-0.2268230020999908	-0.03875990183035831	0.157078162536975	-0.01228390438630556	-0.09000596991852192	1.723699633737828e-06	1.450068003834586e-07	0.4937565716449947	0.5002468765443298	0.5030102516716271	0.4910293389519365	0.4973249031361736	0.4481298579136921	0.5013570595501787	0.4964691459940659	0.5004653012088033	0.05003367650594905	0.4998203951286188	0.4662314529421241	0.5063753225209292	0.4985193944278714	0.494102918460653	0.5016258620114112	0.4980351304372886	0.484691204593583	0.4961363316805158	0.4300821363527421	0.432073845566116	0.493130673262077	0.5004467478293071	0.5114913978996364	0.4932042481448318	0.4951450394531108	0.4516563063652372	0.502459982259797	0.4990023681429478	0.5008396963536488	0.05002091436917504	0.499673851197363	0.4651069141252206	0.5039294005060095	0.4993765413480642	0.4959360346060431	0.5017341329139284	0.4956795041389976	0.487992806190018	0.4960643830814843	0.4295954833709927	0.4304047467131581
0.1306666666666664	1.129336207329175	0.3769007194257304	-0.2493583682811762	0.1220664614535859	-0.162785053222725	-0.2268230020999908	-0.03755233381343539	0.1499101131102402	-0.01083085081633888	-0.08070525880905917	1.651108992790619e-06	-2.900136035211827e-07	0.4936445255330087	0.5002830405666068	0.5045443728981389	0.4914241232091855	0.4969307396478131	0.4487940774691577	0.5015568653495122	0.4969129871875962	0.5005329428013615	0.05002984348837827	0.4997938483532653	0.4660315079389088	0.5059313129932881	0.4986688959654271	0.4944750217260361	0.5016488616558646	0.4976112994037912	0.4852920267709058	0.4961247504033525	0.4300083829433904	0.4317839888628726	0.4930366756411441	0.5004812541469194	0.5129444093594746	0.4935942844191266	0.4947697767436387	0.4525606438284774	0.5026529061751476	0.4992687997364516	0.5009031422581197	0.05001764499708759	0.4996481644687316	0.4649558114318305	0.5034889782030593	0.4994592550605249	0.4967230503788492	0.5017925646986801	0.4952984831205056	0.4886005050045201	0.4960686583406565	0.429675869454869	0.4302604780929001
0.1339333333333331	1.129216765718992	0.3773750012867878	-0.2493913500231267	0.121818610098782	-0.1627850480556814	-0.2268230020999908	-0.03540563415437382	0.1400826845834855	-0.009359525086752479	-0.07099629256335085	1.4875954569839e-06	1.450068087642681e-07	0.4935393618782315	0.500317882398667	0.5060171865304575	0.4918069951133809	0.4965535449532966	0.4494891073147231	0.5017483114319181	0.4973154104985077	0.5005974351763864	0.05002629792751707	0.4997683172832015	0.4658488887668311	0.5055008758503311	0.4988035084568856	0.4949033373097353	0.5016760151443287	0.4972089439751808	0.4858769703037348	0.4961163304358993	0.4299676731171164	0.4315323403113265	0.4929882346179603	0.5005034962771785	0.5138376361292903	0.4938540903707238	0.4945566513531727	0.4533598667609091	0.5027613290833803	0.4993947739014366	0.5009378587565317	0.05001538234565237	0.4996327025344084	0.4649126575995768	0.5032006030023183	0.4994972623022051	0.4973632404103812	0.5018308716941454	0.4950860126821979	0.4890091239052892	0.4960791762304868	0.4298438271862747	0.430280666685874
0.1371999999999997	1.12910599823604	0.3778134184657119	-0.249419500666508	0.1216029076257547	-0.1627850436657404	-0.2268230020999908	-0.03224164367215571	0.1279521444572191	-0.007873035365833078	-0.06102226996621803	1.175331787857111e-06	-2.900136044488695e-07	0.4934436475881399	0.5003506253489597	0.5073933907067988	0.4921693639251412	0.4962036659926739	0.4502014765953986	0.5019259243776895	0.4976717633438791	0.5006569672243923	0.05002309432932731	0.4997444634117305	0.4656895124398132	0.5050940944348939	0.4989220266434282	0.4953669334373787	0.5017050268075306	0.496838201234688	0.4864325238726042	0.4961110652841401	0.4299617417972565	0.4313260112011777	0.4929397935947765	0.5005257384074376	0.5147308628991062	0.494113896322321	0.4943435259627069	0.454159089693341	0.5028697519916132	0.4995207480664218	0.5009725752549439	0.05001311969421713	0.4996172406000853	0.4648695037673231	0.5029122278015774	0.4995352695438856	0.4980034304419133	0.5018691786896109	0.4948735422438901	0.4894177428060584	0.4960896941203171	0.4300117849176804	0.4303008552788479
0.1404666666666664	1.129007302212279	0.3782088189719048	-0.2494427865614091	0.1214200534891021	-0.1627850395746901	-0.2268230020999908	-0.02800751812520767	0.1138588982052545	-0.00638550086478106	-0.05092846328805863	1.242358641191233e-06	1.450067973306994e-07	0.493359193567247	0.500379747019393	0.5086405850940993	0.4925046850323527	0.4958938574617799	0.450915726506995	0.5020831180541002	0.4979791943329892	0.5007095793404244	0.05002027211438992	0.49972325873604	0.4655626959355855	0.5047201388767362	0.4990239094547691	0.4958394176334281	0.5017324645046831	0.4965110665029617	0.4869462837837897	0.4961072785163619	0.4299878567284732	0.4311698303411678	0.4929314543540426	0.5005259571655785	0.5150515254030055	0.4942560607833567	0.4943344335349276	0.4548121020323924	0.5028734034252649	0.49952119010105	0.5009744267965409	0.05001182582927962	0.4996165147522472	0.4649819532111925	0.5027785471663422	0.4995347516454715	0.4984051351525989	0.5018710159653069	0.4948648029563639	0.4896223632301621	0.4960868956630913	0.4302173434014016	0.4304682030550506
0.143733333333333	1.12892417202226	0.3785555267212766	-0.2494612314625933	0.1212701800882886	-0.1627850361176211	-0.2268230020999908	-0.02271154138099847	0.09814025252609335	-0.004909161661591912	-0.04082998271774572	7.871800152520367e-07	-2.90013602110889e-07	0.493287419359648	0.5004040540152626	0.5097333729864861	0.492807828112746	0.4956341189580872	0.4516197415503941	0.5022147299035593	0.4982354682370443	0.5007537354198704	0.05001785728836055	0.4997054652113428	0.4654757433571499	0.5043861978711169	0.4991087327314961	0.4963001016455546	0.5017556378254542	0.49623694402792	0.4874085273449623	0.4961036560540845	0.4300438767526544	0.4310675825958146	0.4929231151133086	0.5005261759237188	0.5153721879069046	0.4943982252443924	0.4943253411071483	0.4554651143714433	0.502877054858916	0.4995216321356776	0.5009762783381377	0.05001053196434211	0.4996157889044087	0.4650944026550619	0.5026448665311067	0.4995342337470571	0.4988068398632844	0.5018728532410027	0.4948560636688375	0.4898269836542656	0.4960840972058653	0.4304229018851223	0.4306355508312531
0.1469999999999997	1.128860061263606	0.3788485798456376	-0.2494748935704533	0.1211531679881414	-0.1627850332726599	-0.2268230020999908	-0.01638105215368612	0.08111415593169023	-0.003461548825065171	-0.03084202852790762	8.570365968006596e-07	1.450068034771134e-07	0.4932290531231941	0.500422533390092	0.5106503232317436	0.4930755298066474	0.4954360291687932	0.4523000704359659	0.5023149621443168	0.4984399013703651	0.5007873717979868	0.05001585444065405	0.4996919243604081	0.4654381721573156	0.5040982506306548	0.4991769801951052	0.4967281893479281	0.5017713017946869	0.4960266633756661	0.4878109628479981	0.4960975112556988	0.4301239930650271	0.4310208337212965	0.4929486611094309	0.500504904796131	0.515133082268346	0.4944378183406862	0.4945520115347006	0.4559402440102469	0.5027616657259161	0.4994117449498741	0.5009370551246337	0.05001008603349902	0.4996317392724542	0.4653980460193684	0.5026612287860612	0.4995052589037028	0.4989414073839775	0.5018281671675439	0.4950801974490339	0.4898314875211731	0.4960501742885934	0.4306203170149969	0.430929100670802
0.1502666666666664	1.128818187238375	0.3790843888445117	-0.2494838871253237	0.1210684700956903	-0.1627850311559449	-0.2268230020999908	-0.009097214796387495	0.06309282875882867	-0.002050863912914642	-0.02104577392419302	3.413150168642653e-07	-2.900136017782333e-07	0.4931846656470528	0.5004343911019122	0.5113746358648206	0.4933052319012747	0.4953086654953539	0.4529461707294408	0.5023792701147408	0.4985919576466173	0.5008088707954779	0.0500142665983904	0.4996832958575871	0.4654574435238019	0.5038609843062697	0.4992290310022129	0.4971073785588954	0.501776912709667	0.4958887146638558	0.4881470905879255	0.496086738172814	0.4302236533099328	0.4310308110649363	0.4929742071055532	0.5004836336685432	0.5148939766297879	0.4944774114369803	0.4947786819622529	0.4564153736490504	0.5026462765929162	0.4993018577640708	0.5008978319111299	0.05000964010265591	0.4996476896404998	0.465701689383675	0.5026775910410156	0.4994762840603486	0.4990759749046704	0.5017834810940851	0.4953043312292301	0.4898359913880806	0.4960162513713215	0.4308177321448715	0.4312226505103509
0.153533333333333	1.128801574660107	0.3792600169578915	-0.2494883505796574	0.1210153566754677	-0.1627850299664503	-0.2268230020999908	-0.0009526917365177382	0.04436198909992492	-0.0006916179524783581	-0.01152861773590743	3.225450135305047e-07	1.450067962391316e-07	0.4931542046964519	0.5004387716577493	0.5118955946636889	0.4934964327883717	0.4952609737492023	0.4535472131076861	0.502403091785546	0.4986925442779555	0.500816618910364	0.05001306502432343	0.4996800726963294	0.4655418287688249	0.503677542332323	0.4992654774270738	0.4974212313555517	0.5017692197363041	0.4958311181524708	0.4884126037005968	0.4960684634183282	0.4303354574527544	0.4310962458475648	0.493027098933166	0.5004391022810692	0.5141440823423236	0.4944351284402977	0.4952515875246684	0.4566953055721273	0.5024056287643617	0.4990978261575509	0.5008154418593818	0.05000981651040352	0.4996792374570353	0.4662158918920658	0.502832120359846	0.499421849218933	0.4989202366104327	0.5016806260331763	0.4957670684111188	0.489657446343718	0.4959394322906475	0.4309676541020354	0.4316148088491408
0.1567999999999997	1.12881275390942	0.3793737461964555	-0.249488469426799	0.1209927841151932	-0.16278502946941	-0.2268230020999908	0.007918189844919255	0.0251955584634447	0.0006090996740156705	-0.002347288241682599	-8.263648754840523e-08	-2.900135993089418e-07	0.4931376293186188	0.500435004441484	0.5122047978021855	0.4936487391714429	0.4952999670487306	0.4540947098591716	0.5023828511024991	0.498742372213156	0.5008093513328872	0.05001223075990909	0.4996826413361603	0.4656978120970345	0.5035503887640443	0.499286783723539	0.4976568612965119	0.5017456745724274	0.4958601613490345	0.488604125918098	0.4960404346528346	0.4304536058821087	0.431216143598633	0.493079990760779	0.5003945708935955	0.5133941880548597	0.4943928454436153	0.4957244930870842	0.4569752374952046	0.5021649809358075	0.4988937945510313	0.5007330518076339	0.05000999291815117	0.499710785273571	0.4667300944004571	0.5029866496786766	0.4993674143775177	0.4987644983161952	0.5015777709722677	0.4962298055930077	0.4894789012993555	0.4958626132099737	0.4311175760591993	0.4320069671879306
0.1600666666666663	1.128853953036211	0.3794244247911078	-0.2494844491585251	0.1209995776398855	-0.1627850292530475	-0.2268230020999908	0.01737435836016041	0.005840541864964102	0.001841016978980961	0.006434904621815178	1.066579479791638e-07	1.450068019068386e-07	0.4931343635676356	0.5004227296451425	0.512299380484718	0.4937630992700617	0.4954313862346926	0.4545803147600606	0.5023155689533403	0.4987427223489388	0.5007861606957931	0.05001172848625705	0.4996914006135164	0.4659312079878968	0.5034805442557179	0.4992936311889362	0.4978040628540387	0.5017043686587719	0.4959810089488331	0.4887199955961954	0.4960000378384199	0.4305704502971363	0.4313873680008052	0.4931539105641765	0.5003295309263447	0.5121872095464174	0.4942838736679488	0.496438011760306	0.4570503895226163	0.5018013309844184	0.4986032307865054	0.5006100062583471	0.05001064871412261	0.4997585868558132	0.4674556022727229	0.5032657034767409	0.499290675116089	0.4983327945033511	0.5014208650112868	0.496926314986271	0.4891329110681381	0.4957356825092487	0.4311907088170677	0.4324713684562396
0.163333333333333	1.128926714525146	0.3794119592135098	-0.2494765150934991	0.1210343571536373	-0.1627850294810875	-0.2268230020999908	0.02724208503522185	-0.01346413883265814	0.00300530176706971	0.01478699077443313	-3.547196351770624e-07	-2.900136024394369e-07	0.4931439559676046	0.5004016652147424	0.5121770952107946	0.4938402563090948	0.49565973171048	0.4549974860599542	0.5021989100573868	0.498694598589031	0.5007463357159266	0.05001153490301864	0.4997066631761776	0.4662465747027691	0.5034688087527219	0.4992865538678419	0.4978548349274664	0.5016438058772399	0.4961977096806885	0.4887589099160149	0.4959452239200051	0.4306799966488776	0.4316074611400695	0.493227830367574	0.5002644909590938	0.5109802310379751	0.4941749018922819	0.4971515304335276	0.4571255415500284	0.5014376810330298	0.4983126670219797	0.5004869607090604	0.05001130451009402	0.4998063884380555	0.4681811101449885	0.5035447572748053	0.4992139358546605	0.497901090690507	0.5012639590503057	0.4976228243795343	0.4887869208369208	0.4956087518085237	0.4312638415749362	0.4329357697245487
0.1665999999999997	1.129032199684902	0.37933674597436	-0.2494648925886134	0.1210956656310492	-0.1627850299418734	-0.2268230020999908	0.03734809957882368	-0.03250761771653718	0.004100785592511041	0.02266846706459737	-9.149778411925853e-08	1.450068037743701e-07	0.4931654664080544	0.5003713463260315	0.5118413115126532	0.4938819111308644	0.4959872073061186	0.4553404130714775	0.5020320260368919	0.4985992675541233	0.5006894891289115	0.05001160378484627	0.4997287133294497	0.4666460192964488	0.5035144329434339	0.4992663196892331	0.4978035130027981	0.5015629480911215	0.4965120057342345	0.4887215122294939	0.4958742629433426	0.43077580501802	0.4318718688374707	0.4933164593309452	0.5001764291538633	0.509378951113385	0.4940114381116508	0.4980847168760221	0.4569958096664171	0.5009653455254561	0.4979399746910142	0.5003261122277176	0.05001224364106572	0.4998705257375649	0.4690952483856423	0.5039312514679717	0.4991183373144156	0.4972101973996601	0.5010563851210293	0.4985314460005424	0.4882945450459114	0.4954327334495228	0.431247025600656	0.4334446218133852
0.1698666666666663	1.129170770676186	0.3792000802582395	-0.2494497868764221	0.1211819328866935	-0.162785031151017	-0.2268230020999908	0.04749871658361187	-0.05108810432491849	0.005137877668401609	0.03006787540653022	-8.128978846903043e-07	-2.900136021703521e-07	0.4931981579476874	0.5003314086046367	0.5112946689432221	0.4938893969613914	0.4964155404635764	0.4556045412237693	0.50181425179933	0.4984577219778037	0.5006153173551434	0.05001190463637694	0.4997577739410257	0.4671311935585913	0.5036168292771025	0.4992335306090175	0.4976456557403455	0.5014609815072014	0.4969252626546919	0.4886083065443329	0.4957857988476839	0.4308528281577666	0.432177021712788	0.4934050882943168	0.500088367348633	0.5077776711887952	0.4938479743310199	0.4990179033185169	0.4568660777828055	0.5004930100178829	0.4975672823600487	0.500165263746375	0.05001318277203743	0.4999346630370745	0.4700093866262965	0.5043177456611381	0.4990227387741711	0.4965193041088137	0.5008488111917531	0.499440067621551	0.4878021692549024	0.495256715090522	0.4312302096263761	0.4339534739022219
0.173133333333333	1.129342372438125	0.3790036687212891	-0.2494313816186306	0.1212915551257377	-0.1627850330136658	-0.2268230020999908	0.05750754462992495	-0.06902906312486809	0.006125614467881951	0.03696479494466852	-4.910154854788968e-07	1.450067999150169e-07	0.4932409649515019	0.5002822730974869	0.5105458835086311	0.4938646586900198	0.4969427321782487	0.4557867874503294	0.5015462692629367	0.4982713945252217	0.5005241345193533	0.05001240818325949	0.4997935198841895	0.4677004793432061	0.5037739586851432	0.4991887029795601	0.4973818825007342	0.5013382542185346	0.4974354610710177	0.4884217031276259	0.4956792292481991	0.4309061516890034	0.4325176934475916	0.4935036027658321	0.4999859978851176	0.5058567237318766	0.4936389447821758	0.5001293943155893	0.4565426499198307	0.4999268788730542	0.4971189248169827	0.4999734430257736	0.05001437429286403	0.5000090141572	0.471076048615848	0.504793904510912	0.4989080753265216	0.4956226082951038	0.5006030965120796	0.5005229586026733	0.4871863901935302	0.495038637874355	0.4311183171287231	0.4344826640738152
0.1763999999999996	1.129546120493273	0.3787499710329533	-0.2494097990777742	0.1214228940371161	-0.1627850354272901	-0.2268230020999908	0.06718012058865604	-0.08616125823442344	0.007083153014334605	0.04336379724376223	-1.150229813437936e-06	-2.900136032435275e-07	0.4932930520860127	0.5002242698572383	0.5096017861590078	0.493809220861578	0.4975672150473007	0.4558847348948017	0.5012286129031681	0.4980414080809619	0.5004161868542326	0.05001309511289422	0.4998356962890733	0.4683526081527735	0.5039842225800015	0.4991322415515291	0.4970126782161189	0.5011950390864008	0.4980410175960099	0.4881635910380457	0.4955540819427423	0.4309319239256999	0.432889787877255	0.4936021172373474	0.4998836284216019	0.5039357762749578	0.493429915233332	0.501240885312662	0.4562192220568551	0.4993607477282255	0.4966705672739166	0.4997816223051723	0.05001556581369064	0.5000833652773256	0.4721427106053997	0.505270063360686	0.4987934118788723	0.4947259124813939	0.5003573818324061	0.5016058495837956	0.4865706111321581	0.4948205606581879	0.4310064246310701	0.4350118542454083
0.1796666666666663	1.129780717477483	0.3784417919788658	-0.249385121439049	0.1215743147839532	-0.1627850385241667	-0.2268230020999908	0.07633626158321719	-0.1023389766867469	0.008025363421479194	0.0492601160167007	-8.599693767734314e-07	1.450067976780551e-07	0.4933535093489756	0.5001578380820093	0.5084755713407	0.493724867331291	0.4982831772862586	0.4558980704040307	0.5008646255825221	0.4977701759405177	0.5002926878382332	0.05001393730999466	0.4998837591800079	0.46908157985106	0.5042444509767509	0.499064630832483	0.4965427804905379	0.5010324811180569	0.4987364657012076	0.4878377674036146	0.4954109677692321	0.4309273483493712	0.4332875953837876	0.4937085375710278	0.4997686660938976	0.501778698991157	0.4931803733915747	0.5024788889063447	0.4557235144050412	0.4987344060169341	0.4961631359999439	0.4995704802248297	0.05001692092475023	0.500164207604864	0.4733048067352578	0.5058153689318832	0.4986611530128712	0.4936738568490056	0.5000840994282696	0.5028154278389042	0.4858562654327799	0.4945724790494614	0.4308067034789957	0.4355370852800366
0.182933333333333	1.130044103162301	0.378082537733465	-0.2493573682842738	0.1217441867077117	-0.1627850417915519	-0.2268230020999908	0.08480585565473095	-0.1174317835282866	0.008966122024599904	0.0546604361751618	-1.254622819933582e-06	-2.9001359903558e-07	0.4934216234072585	0.5000833220544805	0.5071775810959281	0.4936129964200064	0.4990860624792078	0.4558265480712829	0.500456927608406	0.4974595896252825	0.5001545886974256	0.05001491622657885	0.4999372821312413	0.4698826908436659	0.5045521587769884	0.4989862506095843	0.4959759029303669	0.5008514778834552	0.4995175195945563	0.4874472084549323	0.4952503655287008	0.4308902331108434	0.4337066411047698	0.4938149579047085	0.4996537037661934	0.4996216217073565	0.4929308315498176	0.5037168925000276	0.4552278067532271	0.4981080643056429	0.4956557047259713	0.4993593381444873	0.05001827603580983	0.5002450499324027	0.4744669028651164	0.5063606745030805	0.4985288941468702	0.4926218012166175	0.4998108170241333	0.5040250060940129	0.485141919733402	0.4943243974407349	0.4306069823269214	0.4360623163146647
0.1861999999999996	1.130333861473611	0.3776758809411346	-0.2493265307013651	0.1219308926732208	-0.1627850454321295	-0.2268230020999908	0.09243583450642423	-0.1313256134874243	0.009916609581404246	0.0595682593433815	-1.054419858168564e-06	1.450068045562904e-07	0.4934963465674788	0.5000017492484525	0.5057242813637233	0.4934754271859434	0.4999666811032547	0.4556723579110121	0.5000101764774126	0.4971116064957025	0.5000034477978433	0.0500160082119622	0.4999959750764166	0.4707461592293278	0.5049034370505668	0.4988973819191369	0.4953219263126052	0.5006549028377572	0.5003751945523539	0.4869970653398107	0.4950740777994134	0.4308201866892083	0.4341409999873652	0.4939244252384633	0.499534603624499	0.4973137860682009	0.4926475543244505	0.5050211059131754	0.4545879991902955	0.4974488289456981	0.4950924743612373	0.4991372422753891	0.05001973367370841	0.5003334158533986	0.4756587354060647	0.5069551636804202	0.4983783863647286	0.4914915141207864	0.4995342895478183	0.5053005557414353	0.4843584067783659	0.4940624429344437	0.4303375946643689	0.4365606951928025
0.1894666666666663	1.130646963078217	0.3772259559008324	-0.2492925629201503	0.1221328362841064	-0.1627850492038631	-0.2268230020999908	0.09909766787575877	-0.1439225475927568	0.01088256996718288	0.06398960681386594	-1.334922376584736e-06	-2.90013602544849e-07	0.4935768575633002	0.4999139250942596	0.5041285789854829	0.4933135855606572	0.5009178287625722	0.4554372159949269	0.4995280230107141	0.4967277606920763	0.4998404867219086	0.05001719766353069	0.5000596106308758	0.4716643168330534	0.5052952214610194	0.4987982450500432	0.4945885964308087	0.5004450084734731	0.5013024466783947	0.4864913757178422	0.4948835175490892	0.4307169021108604	0.4345860282844431	0.4940338925722181	0.4994155034828046	0.4950059504290447	0.4923642770990834	0.5063253193263227	0.4539481916273649	0.4967895935857536	0.4945292439965038	0.4989151464062907	0.05002119131160697	0.5004217817743944	0.4768505679470125	0.5075496528577597	0.4982278785825868	0.4903612270249553	0.4992577620715031	0.5065761053888573	0.4835748938233296	0.4938004884281524	0.4300682070018165	0.4370590740709406
0.1927333333333329	1.130980115001512	0.3767371025463077	-0.2492554065912183	0.1223484415446711	-0.1627850530836841	-0.2268230020999908	0.1046795572311373	-0.1551305919081805	0.01186992272665103	0.06793621500959778	-1.12612566851224e-06	1.450068046539208e-07	0.4936622299929841	0.4998205889102075	0.5024096527278183	0.4931290390477967	0.5019275883323711	0.455125574620648	0.4990164200475063	0.4963103547194012	0.4996677132339477	0.05001848395131369	0.5001275618035882	0.472625268019168	0.5057228331334502	0.4986890934947991	0.4937908949258071	0.5002248502682933	0.5022881527923521	0.4859362184720412	0.4946812240830988	0.4305818838073364	0.4350360734383902	0.4941440890247454	0.4992925573253374	0.4926378504561363	0.4920508091326224	0.507631001556678	0.4531985752632627	0.4961292453521263	0.4939212407351095	0.4986929183783219	0.05002283932691338	0.5005126911097454	0.4780124775673562	0.508170362353711	0.4980598023257109	0.4892476804629124	0.4989903721299456	0.5078605181573579	0.4827514520453388	0.4935397172511903	0.4297499393745288	0.4375126481864156
0.1959999999999996	1.13132960636298	0.3762140356070584	-0.2492149884551313	0.1225761805491569	-0.1627850571207807	-0.2268230020999908	0.1091014055330615	-0.1648696402812626	0.01287959475592875	0.0714184296226493	-1.431213575902798e-06	-2.900136051839114e-07	0.4937517376674052	0.4997223202434466	0.5005825361920774	0.4929230163967616	0.5029866171156566	0.4547409230669077	0.4984800338085664	0.4958611932372183	0.499486701196615	0.05001986665959935	0.500199337093479	0.4736196875908229	0.5061826041804786	0.4985701259491948	0.4929405665338756	0.4999968234067269	0.5033235925394546	0.4853363585283586	0.494469187867969	0.4304163107399793	0.4354867052284213	0.494254285477273	0.4991696111678703	0.4902697504832281	0.4917373411661614	0.5089366837870332	0.452448958899161	0.495468897118499	0.4933132374737154	0.4984706903503534	0.05002448734221981	0.5006036004450966	0.4791743871876999	0.5087910718496625	0.497891726068835	0.4881341339008697	0.4987229821883882	0.5091449309258582	0.4819280102673481	0.4932789460742283	0.4294316717472412	0.4379662223018906
0.1992666666666663	1.131691569682159	0.3756616441228335	-0.2491712315372849	0.1228145596055825	-0.1627850615202521	-0.2268230020999908	0.1123021801567114	-0.1730610615909459	0.01391289139547208	0.07445471120093314	-1.308743421522436e-06	1.450068076893381e-07	0.493844461466468	0.4996205130590489	0.4986695789050904	0.4926976380109732	0.5040811111801395	0.4542897872174302	0.4979257911440366	0.495381992752308	0.4992992672229412	0.05002133655305604	0.5002736871112962	0.4746340051739789	0.506669002633881	0.4984410051895226	0.4920533078034763	0.4997644431331601	0.5043959695007492	0.4846991332134535	0.4942506330818899	0.4302234682948655	0.4359328300444538	0.494361991153213	0.4990531218686987	0.4879469093637198	0.4914057486560129	0.5101792086413058	0.4516296856749451	0.4948400755545652	0.492661819652577	0.4982532552077621	0.05002626145724815	0.5006875281093024	0.4802443120024362	0.5094113166668343	0.4977000697898789	0.4870991321155382	0.4984810134832134	0.5103789168349548	0.4811010579180298	0.4930364356907631	0.4290907240527922	0.4383613633828312
0.2025333333333329	1.132061964089795	0.3750851220226649	-0.2491240743265439	0.1230621396233479	-0.1627850659744046	-0.2268230020999908	0.1142632964252789	-0.1796434867776068	0.01496140673226918	0.07705167125924726	-1.464691824961264e-06	-2.900136052515938e-07	0.4939396809110432	0.4995162600774659	0.4966883000093096	0.4924545660619858	0.5052002486382471	0.4537772816543713	0.4973591217646097	0.4948740986057273	0.4991068353348164	0.05002288753899737	0.5003496324537225	0.4756575826350932	0.5071776918633244	0.4983014668600281	0.491141423960589	0.4995304650329735	0.5054952515863886	0.4840302939259318	0.4940280870415318	0.4300059311621645	0.4363704556940884	0.4944696968291533	0.4989366325695272	0.4856240682442119	0.4910741561458648	0.5114217334955787	0.4508104124507298	0.4942112539906313	0.4920104018314386	0.498035820065171	0.05002803557227652	0.5007714557735088	0.4813142368171729	0.5100315614840063	0.4975084135109231	0.486064130330207	0.4982390447780389	0.5116129027440516	0.4802741055687119	0.4927939253072981	0.4287497763583435	0.438756504463772
0.2057999999999996	1.13243672525702	0.3744898060367474	-0.2490734726596197	0.1233175171083164	-0.1627850707579237	-0.2268230020999908	0.1149818102287019	-0.1845452230811841	0.01601659325215117	0.07923489872682833	-1.496013780920661e-06	1.45006809781097e-07	0.494035996306833	0.4994112203327007	0.4946661100547192	0.4921979550577785	0.5063295969109445	0.4532122288915806	0.4967870031985523	0.4943408183199628	0.4989121203335626	0.05002449311534393	0.5004265176834842	0.4766783914626755	0.50770162143568	0.4981531152932421	0.4902246719131149	0.4992989258782395	0.5066074868806929	0.4833397539415489	0.4938042657289831	0.4297669880047478	0.4367945494840702	0.4945660055318288	0.4988346771172814	0.4834854380420573	0.4907558208912922	0.5125444793582278	0.4499716397595634	0.4936392640714454	0.4913403217598445	0.4978401753422333	0.05002978035275061	0.5008508991403279	0.4822618138035257	0.5106138201387451	0.4973147068157239	0.4852111924730973	0.498041144404673	0.5127372648095913	0.479499972654302	0.4925752290694704	0.4283979079732215	0.4390757522724661
0.2090666666666662	1.132811868611197	0.3738813242711265	-0.2490194496517618	0.1235793699457312	-0.1627850759575617	-0.2268230020999908	0.1144972884368529	-0.1877041682288785	0.01705610526310376	0.08101617275687099	-1.719458551263728e-06	-2.900136073160718e-07	0.4941323104580204	0.4993066943295824	0.4926244952139281	0.491931061701897	0.5074578412711863	0.4526015436231893	0.4962149048770443	0.4937847443544269	0.4987172503177911	0.05002613579841152	0.5005038290004884	0.4776870022391796	0.5082352643622106	0.4979972080820316	0.4893185397352016	0.4990729900634576	0.5077217374287476	0.4826352838419106	0.4935812981063399	0.4295092161035246	0.4372011669468541	0.4946623142345044	0.4987327216650357	0.4813468078399026	0.4904374856367196	0.513667225220877	0.4491328670683976	0.4930672741522595	0.4906702416882509	0.4976445306192959	0.0500315251332247	0.500930342507147	0.4832093907898786	0.5111960787934842	0.497121000120525	0.4843582546159878	0.4978432440313074	0.5138616268751309	0.4787258397398924	0.4923565328316429	0.4280460395880997	0.4393950000811602
0.2123333333333329	1.133183509286529	0.37326546316235	-0.2489620733115143	0.1238464332718058	-0.1627850796438666	-0.2268230020999908	0.1128589073095005	-0.1890316668159678	0.01806416996891747	0.08243924445009335	-9.812390700298444e-07	1.450068084037412e-07	0.4942268910115084	0.4992037913484828	0.4905950340789704	0.4916600695692733	0.5085721762194912	0.4519553694403878	0.4956498099812349	0.4932109613847755	0.4985249714803475	0.05002776734286333	0.5005801711380169	0.4786737991325568	0.5087698815023771	0.4978342398437874	0.48844697448704	0.4988552603975405	0.5088254393607499	0.481928902161219	0.4933613148322928	0.4292356655400189	0.4375855978816379	0.4947383370410127	0.498644782059096	0.4795389372360352	0.4901709876102346	0.5146377511477156	0.4483215287548952	0.4925770742580826	0.4900141066172451	0.4974807294891548	0.05003299547461884	0.5009942999081841	0.484019958143432	0.5116954181442505	0.4969179743698564	0.4838069001182982	0.4976870239899476	0.5148428409840738	0.4780645357992757	0.492164487884145	0.4276921998694825	0.4396241800790088
0.2155999999999996	1.133548044583165	0.3726484210274079	-0.2489014833041051	0.1241176284309252	-0.1627850852676618	-0.2268230020999908	0.1101470565815245	-0.188427245473142	0.01902365658668972	0.08354586645768648	-2.905677079046533e-06	-2.900136062634356e-07	0.4943183800019685	0.4991033809485415	0.4886024796252998	0.4913898259398453	0.5096625625621458	0.451281656529657	0.4950971923637915	0.4926234549378297	0.4983374365257748	0.05002935592061743	0.5006544503385282	0.4796312441156044	0.5092986220310439	0.4976645982928531	0.4876287484941921	0.4986477771948437	0.5099087428763953	0.4812300296830155	0.4931459860534054	0.4289487267586311	0.4379441507003074	0.4948143598475211	0.4985568424531564	0.4777310666321679	0.4899044895837499	0.515608277074554	0.4475101904413931	0.4920868743639054	0.4893579715462394	0.4973169283590137	0.05003446581601299	0.5010582573092214	0.4848305254969855	0.512194757495017	0.496714948619188	0.4832555456206086	0.497530803948588	0.5158240550930169	0.4774032318586591	0.491972442936647	0.4273383601508653	0.4398533600768575
0.2188666666666662	1.133902067710233	0.3720366496718002	-0.2488378282129728	0.124391999580108	-0.1627850890435093	-0.2268230020999908	0.1064593812575139	-0.1857496985232401	0.01995988672229586	0.08441482852700195	-2.825986179726263e-07	1.450068045700348e-07	0.4944054747056703	0.4990063091201434	0.4866742767803496	0.4911260354660638	0.5107178590950953	0.4505899027369681	0.4945627804466122	0.4920220391327449	0.4981560985653147	0.0500308826759206	0.5007261156231139	0.4805529870854467	0.5098138106642671	0.4974876876385589	0.4868910206199948	0.498454549809597	0.5109615354003589	0.4805500006912141	0.492937141249519	0.4286534380633217	0.4382755381940502	0.4948689463982597	0.4984837935228379	0.4763182051208715	0.489706281652656	0.5164003844089148	0.446754913666831	0.4916886878734369	0.4886722267426894	0.4971796284023731	0.05003571395641648	0.5011116370169734	0.4855080167298826	0.5125924540295024	0.496491602143436	0.4831287891349334	0.4974420185227592	0.5166460048253946	0.4768896200425228	0.4918111246477385	0.4270166741306615	0.440015713161948
0.2221333333333329	1.134242648759657	0.3714373190520439	-0.2487710065924302	0.1246689972544703	-0.1627850928406506	-0.2268230020999908	0.1019172131261747	-0.1808104684213023	0.02096234806226572	0.08515394309814024	-2.918714101577322e-06	-2.900136069731924e-07	0.4944871539362423	0.4989132390282783	0.4848319379183649	0.4908731699857251	0.5117293313041461	0.4498875521358616	0.4940510645022549	0.4914065682638524	0.4979820966743184	0.05003233516928357	0.5007947350760537	0.4814340500068996	0.5103094305344836	0.4973030408433479	0.4862550800922563	0.4982787211030495	0.5119758888702544	0.4798976995495323	0.4927362144809503	0.4283537478488393	0.4385787513668851	0.494923532948998	0.4984107445925193	0.4749053436095755	0.4895080737215619	0.5171924917432752	0.4459996368922688	0.4912905013829687	0.4879864819391395	0.4970423284457325	0.05003696209681996	0.5011650167247251	0.4861855079627794	0.5129901505639877	0.4962682556676839	0.4830020326492581	0.4973532330969304	0.5174679545577722	0.4763760082263864	0.4916498063588298	0.4266949881104576	0.4401780662470388
0.2253999999999995	1.134567167099723	0.3708580279122479	-0.2487006609172298	0.1249483048131378	-0.1627850974275119	-0.2268230020999908	0.0966978190394385	-0.1734084506042447	0.02218788925141019	0.08586526107397546	-2.41803142121427e-07	1.450068007947693e-07	0.4945624770695987	0.4988246860142504	0.4831031805923856	0.4906383485931842	0.5126859624485178	0.4491847648073229	0.493566909032822	0.4907773144194291	0.4978169609538523	0.05003373345549451	0.5008596260865645	0.4822716660875587	0.5107771507751838	0.4971104082639268	0.4857512819558769	0.4981231376225145	0.512942119603514	0.4792861419302662	0.4925452535067127	0.4280598640588983	0.438857538275184	0.4949562754429487	0.4983517330588901	0.4739885738122567	0.4894150705555149	0.5177678826341903	0.4453420545514946	0.4909946513379569	0.4872758284018981	0.4969376153987405	0.05003820663556049	0.5012043115609324	0.4867492367479382	0.5132511410197973	0.4960265159595836	0.4834341803784785	0.4973325718819674	0.5180995798219746	0.4760702080572013	0.4915282973317363	0.4264839544529301	0.4403279648706027
0.2286666666666662	1.134873952693932	0.3703073181296467	-0.2486255135330067	0.1252300788594082	-0.1627850967216986	-0.2268230020999908	0.09106042994847813	-0.1633116783019462	0.02390216991288465	0.08666403754895211	3.216989126576337e-07	-2.900136061720279e-07	0.4946307067708949	0.4987410540499114	0.4815097302586973	0.4904271518893946	0.5135791154913155	0.4484895039122667	0.4931141270892515	0.4901344908810367	0.4976618908256503	0.05003509076482687	0.5009202535515297	0.4830636664782777	0.5112104405472773	0.4969095942028736	0.4854034197168239	0.497990030704609	0.5138526357081963	0.4787255300977424	0.4923658634883007	0.4277797873867026	0.4391148371704026	0.4949890179368992	0.4982927215252608	0.4730718040149379	0.4893220673894678	0.5183432735251052	0.44468447221072	0.4906988012929452	0.4865651748646568	0.4968329023517482	0.05003945117430105	0.5012436063971395	0.4873129655330968	0.5135121314756068	0.495784776251483	0.4838663281076988	0.4973119106670041	0.5187312050861771	0.475764407888016	0.4914067883046427	0.4262729207954025	0.4404778634941666
0.2319333333333329	1.135161969606427	0.3697942226664197	-0.2485436602809668	0.1255146940577994	-0.1627850988254828	-0.2268230020999908	0.08536735057239027	-0.1503424007855401	0.02638289186317758	0.08759638422455417	-1.158343401261626e-06	1.450068002648535e-07	0.4946894163673911	0.4986641706914355	0.4801039729346347	0.4902551140407446	0.5143963986421112	0.4478190922917222	0.4926993599302404	0.4895008407342322	0.4975198397748396	0.05003630975452655	0.5009758016169711	0.4838117839161326	0.5115938088533853	0.4967086246188386	0.4852415035945326	0.4978781311148073	0.5146924987502042	0.4782400040140477	0.4921989580358022	0.4275255235927264	0.4393554562356269	0.4949791600525227	0.498264950629519	0.4730387293315187	0.4894581992741995	0.5186465320318703	0.4442446499169483	0.4905434421106478	0.4860936365808659	0.4967829007640873	0.05003991030078171	0.5012648207101525	0.4878057498194396	0.51352283898274	0.495620646926154	0.4849616491649708	0.4973213403957806	0.5190763965874244	0.4758430784868659	0.491319116157153	0.426229956101421	0.4406410536857799
0.2351999999999995	1.135432279900431	0.3693282563140508	-0.248452029244057	0.1258024158650306	-0.1627851013404829	-0.2268230020999908	0.08021964311839763	-0.1344571206338553	0.02988856881283804	0.08856604296113463	6.993399399746518e-08	-2.900136067869978e-07	0.4947367036116814	0.4985954685440172	0.4789269690307082	0.4901344121485112	0.5151280967267857	0.4471871071855389	0.4923278133068414	0.4888941912896578	0.497393122990215	0.05003732620618311	0.5010256307293244	0.4845173766501893	0.5119151117779385	0.4965137909575412	0.4852890553522859	0.497786443880832	0.5154499971126311	0.4778484856333256	0.4920452532849738	0.4273064818154028	0.4395831640120584	0.4949693021681465	0.4982371797337772	0.4730056546480996	0.4895943311589314	0.5189497905386353	0.4438048276231769	0.4903880829283505	0.4856220982970751	0.4967328991764264	0.05004036942726235	0.5012860350231656	0.4882985341057826	0.5135335464898734	0.4954565176008252	0.486056970222243	0.4973307701245573	0.5194215880886718	0.4759217490857159	0.4912314440096634	0.4261869914074397	0.4408042438773935
0.2384666666666662	1.13568735745238	0.368919020720169	-0.2483469748757621	0.1260933072002782	-0.162785096831509	-0.2268230020999908	0.07634520473683173	-0.1156802771756488	0.03464938609535328	0.08943555989897795	1.568353523581398e-06	1.450068019220598e-07	0.4947692898325688	0.4985362619297566	0.4780416388025694	0.4900847295858919	0.5157613726015725	0.4466154971878506	0.492006419140772	0.4883462000558751	0.4972840064922637	0.05003795020322931	0.5010686919119519	0.4851855096551675	0.5121556235082187	0.496336380377112	0.4855617802945155	0.4977123740971637	0.5161086038286782	0.4775809912713856	0.4919053517101271	0.427135583042802	0.4398034248452174	0.4948982104164961	0.4982411603301878	0.4741664687717381	0.4900636045306288	0.5189314877014591	0.4436986993958749	0.4904003119322494	0.4855751651643339	0.4967400973884014	0.0500390510373673	0.501283528147203	0.4887655864167391	0.5132008187180711	0.4954368167683995	0.4877550920415072	0.4973502414135013	0.5194084361314207	0.4765398079828567	0.4911772254460122	0.4263656581830267	0.4410055772696961
0.2417333333333328	1.135933648702905	0.3685751898796748	-0.2482242227560128	0.126386106654066	-0.162785098426324	-0.2268230020999908	0.07484027490008814	-0.09441339407003982	0.04072392684624988	0.08973427880204904	-3.667079729153745e-06	-2.900136061414683e-07	0.4947846049112001	0.4984875811335273	0.4774972986476163	0.4901214959541963	0.5162861618735819	0.4461214651910589	0.4917406109982833	0.4878816823409982	0.4971942665736028	0.05003805645504954	0.5011041628642686	0.4858201535288924	0.5123006641983191	0.4961852407875145	0.4860719857568774	0.4976538876252774	0.5166553618451111	0.4774610489326836	0.4917797255526355	0.4270229541168771	0.4400205219255213	0.4948271186648456	0.4982451409265984	0.4753272828953766	0.4905328779023262	0.5189131848642832	0.4435925711685728	0.4904125409361484	0.4855282320315925	0.4967472956003764	0.05003773264747226	0.5012810212712405	0.4892326387276955	0.512868090946269	0.4954171159359738	0.4894532138607715	0.4973697127024453	0.5193952841741695	0.4771578668799976	0.491123006882361	0.4265443249586138	0.4412069106619989
0.2449999999999995	1.13618014845108	0.3683045746901402	-0.2480793028471115	0.1266785974331435	-0.162785100586527	-0.2268230020999908	0.0769640142070963	-0.07109860969811302	0.04825757520688827	0.08903230780409607	2.534267532723172e-06	1.450068034443484e-07	0.4947835715478233	0.4984494902551441	0.4773113789263331	0.4902522460420062	0.5166978728211317	0.4457172305838653	0.4915325137463597	0.4874875901202289	0.4971243203659986	0.05003775475386304	0.5011318840286658	0.4864298955434171	0.5123445858462561	0.4960551074465802	0.4868025400059293	0.4976150956462462	0.5170882193583282	0.4775035427758834	0.4916722783114958	0.4269941770463347	0.4402551837775751	0.4947322882229034	0.4982709236249933	0.4773740589145007	0.4912632738197949	0.5186241140467662	0.4437845837149827	0.4905608159070233	0.4854955132529216	0.4967981308709089	0.05003617218626132	0.5012614655596784	0.4897332829627123	0.5122782750037627	0.4953883166777713	0.4914257701131313	0.4974684858106355	0.5191343957005717	0.4782452644284546	0.4911430365935302	0.4271388496470614	0.4416445306893921
0.2482666666666662	1.13644226929186	0.3681117946298336	-0.247907273753519	0.1269657629812364	-0.1627850806293376	-0.2268230020999908	0.08440420914811846	-0.04675923331818868	0.05732138686125492	0.08647393330128575	9.874180890336666e-06	-2.900136044023108e-07	0.4947669130311375	0.4984220395398312	0.4774975399635891	0.4904828862367644	0.51699290538521	0.445412370659566	0.4913837929217884	0.4871536961253474	0.4970744948479937	0.05003711753069785	0.5011517303259587	0.487021467533274	0.5122829606804643	0.4959418534454615	0.4877400105586046	0.4975992207988547	0.5174055677119784	0.4777201393539185	0.4915860697672153	0.4270693015163338	0.4405236576817603	0.4946374577809611	0.498296706323388	0.4794208349336248	0.4919936697372634	0.5183350432292492	0.4439765962613925	0.4907090908778983	0.4854627944742508	0.4968489661414413	0.05003461172505037	0.5012419098481162	0.4902339271977291	0.5116884590612564	0.4953595174195689	0.4933983263654911	0.4975672589188256	0.5188735072269741	0.4793326619769114	0.4911630663046994	0.4277333743355091	0.4420821507167851
0.2515333333333328	1.136739215877925	0.3679991364202849	-0.2477030166991708	0.1272407659126411	-0.1627851006778712	-0.2268230020999908	0.09900220878821399	-0.02262559283044525	0.06792279967051894	0.08115711797793779	-1.075722611421288e-05	1.450068045481575e-07	0.4947325176039408	0.498404522649402	0.4780975946077659	0.4908366874338633	0.5171813914101561	0.4452227180574107	0.4912891449926561	0.4868850092489594	0.4970428374540929	0.05003600482486621	0.5011644666580213	0.4876296650633211	0.5121023057996028	0.4958479579287367	0.4888215904981945	0.4976019928244276	0.5176159518929967	0.4781407117294827	0.4915184936807769	0.427265903312741	0.4408482928861519	0.4944866509300205	0.4983354990083907	0.4827011783350419	0.4931963274879067	0.5179313080135727	0.4445526284284565	0.4909140326307861	0.4856091072860415	0.4969171811811808	0.0500313688030188	0.5012155611929007	0.4911057636593315	0.5107296525127825	0.4953935038643156	0.4950494630238269	0.4976618690016831	0.5184817026096912	0.481117975451875	0.4911950583246783	0.4287413398588649	0.4428489789902152
0.2547999999999995	1.1370995526422	0.3679612927306983	-0.247462277661057	0.1274911672947643	-0.1627850764849757	-0.2268230020999908	0.1232145223378426	-0.0009544251782347131	0.07965729528918579	0.07141176027181648	3.69607701747785e-05	-2.900136052559933e-07	0.4946787298726568	0.498396385891084	0.4791443148911093	0.4913318914953232	0.5172712741029638	0.4451606821381474	0.4912444127463205	0.4866854562874258	0.4970278175934065	0.05003432430242239	0.5011706926362262	0.4882817659103386	0.5117920514608972	0.495775364335152	0.4899980465290324	0.4976200643209314	0.5177260711170953	0.4787886754555758	0.4914675070580243	0.4275977572221816	0.4412466071059012	0.49433584407908	0.4983742916933936	0.4859815217364591	0.4943989852385501	0.517527572797896	0.4451286605955208	0.4911189743836741	0.4857554200978322	0.4969853962209203	0.05002812588098723	0.5011892125376853	0.4919776001209338	0.5097708459643087	0.4954274903090623	0.4967005996821627	0.4977564790845406	0.5180898979924081	0.4829032889268384	0.4912270503446574	0.4297493053822209	0.4436158072636454
0.2580666666666662	1.137556969798365	0.3679878938393419	-0.2471821712296645	0.1277011421160405	-0.1627850614925901	-0.2268230020999908	0.1592467382774928	0.01571977418009446	0.0913541791313183	0.05567093917423008	-1.560684934943425e-05	1.450067996533191e-07	0.4945822758096805	0.4983935888188115	0.480836545280741	0.4920590971962988	0.5173059989780093	0.4452691756981145	0.4912277067694724	0.4866976558832137	0.4970220712277053	0.05003027793435905	0.5011733649140377	0.4890718153393503	0.5112929113959407	0.4957806842157346	0.4911464913942901	0.4976076938172961	0.5177561475921617	0.479758975017107	0.4913987282598633	0.4279920677461063	0.4416787573661932	0.4938737420302119	0.4983845357582551	0.4924825907203572	0.4969452736839295	0.5174355869969647	0.4464620979020736	0.4911674981045338	0.4877094183332982	0.4970006654272814	0.05001075391744901	0.5011844647171764	0.4940387388762061	0.5078585404488615	0.4961668959946325	0.4971027453222739	0.4973461242264708	0.5177344649280868	0.4862548632487455	0.4908897001886117	0.4301760214724882	0.4440636703988783
0.2613333333333328	1.138155709610309	0.368054057767579	-0.2468685811167549	0.1278452584486456	-0.1627850989069841	-0.2268230020999908	0.2097385973049654	0.02326770926676084	0.1001575084629439	0.0310902365956677	4.874986814409301e-06	-2.90013604686734e-07	0.4944249110971661	0.4983929641612965	0.4833301413668509	0.4930893243548633	0.5173196271182855	0.4455818332136008	0.4912218690040347	0.4870334031759418	0.4970198258078076	0.0500226795372547	0.5011748012322458	0.4900735398455174	0.5105584092324499	0.4959082950738029	0.4921706021056952	0.4975290255833601	0.5177220354781384	0.4811260319184568	0.4912852067394912	0.4283917816147966	0.4421135145520637	0.493411639981344	0.4983947798231169	0.4989836597042552	0.4994915621293091	0.5173436011960334	0.4477955352086267	0.4912160218253935	0.4896634165687644	0.4970159346336429	0.04999338195391079	0.5011797168966676	0.4960998776314786	0.5059462349334145	0.4969063016802029	0.4975048909623854	0.4969357693684011	0.5173790318637657	0.4896064375706526	0.4905523500325663	0.4306027375627556	0.4445115335341114
0.2645999999999994	1.138945137150871	0.3681262912605026	-0.2465342348181968	0.1278928836708495	-0.1627850214812269	-0.2268230020999908	0.2762645156169528	0.01823450855469832	0.1028567319303668	-0.003910145451874637	2.447707719435859e-05	1.450068010781852e-07	0.4941897330849067	0.4983802421300055	0.4865927470835719	0.4944648970143287	0.5174650625166104	0.4460609919027452	0.4911492854479939	0.4876455243898084	0.4969947472926057	0.05000984168923119	0.5011853285199014	0.4914286107509784	0.5095999120223674	0.4961476868622097	0.492926843695259	0.4973471654683496	0.5177701946121815	0.4828930965817343	0.491078150603153	0.4286417089988977	0.4424871360323386	0.4926298075634127	0.4982422861875173	0.5067088586498507	0.503139475253592	0.5190006465543688	0.4490965574218584	0.4903776857934795	0.4917121884199499	0.4967298761179184	0.04995671195028727	0.5012934223345877	0.5002436961649654	0.5036963385148251	0.4977672171277749	0.495977665360616	0.4959608350473925	0.5186109692100689	0.4937896121850859	0.4895542810571776	0.4292244325626468	0.4442185668063068
0.2678666666666661	1.139978147954515	0.3681554037415425	-0.2462076092918062	0.1278067878716839	-0.1627850569262903	-0.2268230020999908	0.3588712073549063	-0.003132910253789356	0.09543050509509005	-0.05077977648765704	-6.422959710296562e-05	-2.90013604973906e-07	0.4938634919164354	0.4983442367595401	0.4905990046822297	0.496218993318629	0.517862181109438	0.4466771325289156	0.4909491181942832	0.488497042714884	0.4969261928505308	0.04999065117704198	0.5012130421255327	0.4932480905184612	0.5084263311599808	0.4964906210185208	0.4933027133685852	0.4970331930644075	0.518015448218453	0.4850627166423077	0.4907393138542213	0.4286202202525004	0.4427496597778784	0.4918479751454813	0.4980897925519177	0.514434057595446	0.5067873883778748	0.5206576919127043	0.4503975796350902	0.4895393497615653	0.4937609602711353	0.4964438176021938	0.04992004194666374	0.5014071277725076	0.5043875146984523	0.5014464420962356	0.4986281325753469	0.4944504397588466	0.4949859007263839	0.519842906556372	0.4979727867995191	0.4885562120817888	0.4278461275625377	0.4439256000785021
0.2711333333333328	1.141307098041042	0.3680846560576083	-0.245925164364006	0.1275473994665468	-0.1627850818501255	-0.2268230020999908	0.4564092017323626	-0.04312896892408202	0.07575495670496686	-0.1093280066777792	3.339098455382084e-05	1.450068023990031e-07	0.4934916627978495	0.4982569637276373	0.4945445193499671	0.4981720447718809	0.5188103692529049	0.4471719387140206	0.4904689194484528	0.4889187285415529	0.4967622902914758	0.0499678090466816	0.5012782478410751	0.4956869532924044	0.5072770056337053	0.4966966995707416	0.4932651714565677	0.4966441349676319	0.5188265112231666	0.4873454523589658	0.4902644256261431	0.4282708791761871	0.442990806906753	0.4914164757606424	0.4975630684042421	0.5142316906463313	0.5090897868188614	0.526325318376369	0.4489497287276477	0.4866611991763404	0.4884550417783893	0.4954634663149864	0.04989018580470743	0.501792980512152	0.5112753283901447	0.5015693090010179	0.4968815422756774	0.4917753067302134	0.4944144323959905	0.5257884779012125	0.4995727896471577	0.4872445526776288	0.4252646418022895	0.4444606184280586
0.2743999999999994	1.142970719732425	0.3678543742696797	-0.2457240449354406	0.1270840276652566	-0.162784940555452	-0.2268230020999908	0.5637721899187987	-0.1008068514749931	0.04563938311465873	-0.175667570050807	3.753683688448034e-05	-2.900136048763358e-07	0.4931098933440669	0.4980964863537182	0.4977988045907462	0.5001832900136941	0.5205443435451402	0.4473429468446945	0.4895891924687834	0.4883859904427613	0.4964623778138034	0.04994309721464978	0.5013968635104999	0.4988666891529804	0.5063395614813859	0.4965774758412665	0.492788325184401	0.4962246930705962	0.5204924518890535	0.4895144283317235	0.4896501385878797	0.4275494542162113	0.4432809032527372	0.4909849763758039	0.4970363442565668	0.514029323697217	0.5113921852598483	0.531992944840034	0.4475018778202057	0.4837830485911159	0.4831491232856437	0.4944831150277794	0.04986032966275113	0.5021788332517969	0.5181631420818374	0.5016921759058007	0.4951349519760083	0.4891001737015805	0.4938429640655974	0.5317340492460534	0.5011727924947967	0.4859328932734691	0.4226831560420417	0.4449956367776154
0.2776666666666661	1.144995726278953	0.3674060226530339	-0.2456363783203461	0.126393039675003	-0.1627850958301605	-0.2268230020999908	0.6753810241178183	-0.1759619165644469	0.007708085974035225	-0.2472654427534274	-7.452090344475145e-05	1.450068020851991e-07	0.492741299615407	0.4978375421804435	0.4998696075486178	0.5021815126215826	0.523335589445033	0.4469836540560654	0.4881723775600552	0.4866303330727811	0.495980202046578	0.04991796473815187	0.5015871590780978	0.5029978481989742	0.5057658346674273	0.4960437914000393	0.492093475880081	0.4957506684866432	0.5233001961863816	0.4914310121001548	0.4888837396997323	0.426408381550843	0.4437051856126369	0.4908042567253686	0.4960674177953986	0.5066828783934868	0.5129770714987971	0.5424125396782371	0.4429900031927423	0.4784954921180424	0.4727921906737866	0.4926891913805224	0.0498372056701498	0.5028854415206295	0.5289988922401048	0.5040169719454882	0.4916939680060541	0.4881375731326835	0.4929273879578703	0.5427507706922472	0.5009223743435763	0.4841935394089829	0.4188009516614143	0.4466262746082561
0.2809333333333328	1.147378983902255	0.3666899402635174	-0.2456758151027421	0.1254693497166276	-0.1627850479557552	-0.2268230020999908	0.7831095838624077	-0.2647236511916724	-0.03217902351225291	-0.3181381627784078	0.00016191384539595	-2.900136047837765e-07	0.4924040020925833	0.4974603281515024	0.5003710881328965	0.504110887429901	0.5273969468912367	0.4459322072705254	0.4861106473791968	0.4834412889424093	0.4952795056145194	0.04989336758103421	0.501863456461346	0.508245485774006	0.505674853578066	0.4950257553386595	0.4913540857833421	0.4952030921483344	0.5274746883164284	0.492986537856636	0.4879552647608528	0.4248103833832414	0.444330466439732	0.4906235370749331	0.4950984913342301	0.4993364330897564	0.5145619577377457	0.55283213451644	0.4384781285652788	0.4732079356449686	0.4624352580619292	0.4908952677332651	0.04981408167754845	0.5035920497894618	0.5398346423983718	0.5063417679851756	0.4882529840360997	0.4871749725637863	0.492011811850143	0.5537674921384408	0.5006719561923557	0.4824541855444964	0.4149187472807866	0.4482569124388966
0.2841999999999994	1.150097851954648	0.3656634462905808	-0.2458454798715785	0.1243193015124816	-0.1627848105538279	-0.2268230020999908	0.8776446912327439	-0.3652814874943311	-0.07239477805762841	-0.3847494984637465	-2.800644058739859e-05	1.450068027172819e-07	0.49198291196146	0.4969571164115218	0.5002508482511356	0.5063238163217262	0.5328158272842095	0.4443370648194359	0.4833601885916134	0.4799504537625823	0.4943450199426101	0.04986071907062375	0.502232034299965	0.514786200345051	0.5058232979940201	0.4939588268969759	0.4910577117757942	0.4943002959292906	0.5329382780889835	0.4946042251847411	0.4867727157959804	0.4223308821023001	0.4447894966907082	0.4891578616760305	0.4938025425240695	0.4999423772887758	0.5201353297371339	0.5668161139174592	0.4343193987226055	0.4661176874187963	0.4624569462079026	0.488485536962512	0.04972997727307188	0.5045441833602449	0.5549720811142953	0.5067825292381731	0.4889416220319774	0.4918331164471056	0.4876511319445769	0.5666083120343293	0.5046538644189534	0.4793134829615268	0.4051548181987898	0.445991317722384
0.2874666666666661	1.153087718272692	0.3642933768642196	-0.2461533507476301	0.1229636464231333	-0.1627853056771643	-0.2268230020999908	0.9490268893629719	-0.4750759696147392	-0.1167950075216595	-0.444019929228734	-0.0002865710098471593	-2.900136047443271e-07	0.491387812112665	0.4963218490827335	0.5002516289697911	0.5090965508165872	0.5396607520561599	0.4423145858838565	0.4798866557127262	0.4770448501314503	0.4931647759792474	0.04981435452847927	0.5026978144237704	0.5227584231108249	0.5060204214774748	0.4931843594307584	0.4915865110362385	0.4928214853626131	0.5396300815962231	0.4966158130220346	0.4852639833086448	0.4186371184809625	0.4447944209176115	0.4876921862771277	0.4925065937139086	0.5005483214877952	0.525708701736522	0.5808000933184783	0.4301606688799321	0.4590274391926239	0.4624786343538759	0.4860758061917587	0.0496458728685953	0.5054963169310279	0.570109519830219	0.5072232904911707	0.489630260027855	0.4964912603304249	0.4832904520390107	0.5794491319302177	0.508635772645551	0.4761727803785571	0.3953908891167929	0.4437257230058714
0.2907333333333327	1.156262312855502	0.3625546345725073	-0.2466160069874483	0.1214317637765889	-0.1627848020527576	-0.2268230020999908	0.9858945902123584	-0.5875223579020451	-0.1666734164660854	-0.4892302550318545	0.0003388972717096125	1.450068027500796e-07	0.4907015143052714	0.4955426993850463	0.4991285649376225	0.511962355334956	0.548060206917641	0.4395330438173063	0.4756259864769701	0.4739382789623908	0.491717085376608	0.04975984076429125	0.5032693638022236	0.5317567211779295	0.5067194651095271	0.492408342427109	0.493680235944206	0.4909046873295513	0.5477777847374474	0.4985577806761428	0.48364748925405	0.413707948963181	0.4442485709854539	0.4868481071820616	0.490808060324235	0.4868261461572355	0.5269364763035979	0.5991418073407991	0.4212658171537229	0.4497412182298632	0.4544689646238475	0.4829206370579353	0.04957456310055734	0.5067431738137808	0.5833619652301443	0.5130694423615368	0.4874616268688093	0.5114646275332759	0.4793938306986882	0.5974142687101094	0.507979240025395	0.4749365860617892	0.3829506083102744	0.4394206691983493
0.2939999999999994	1.159472004930731	0.3604675575529993	-0.2472436524793221	0.1197976381392671	-0.1627847641810388	-0.2268230020999908	0.9705151500273738	-0.6883421294896778	-0.2178088353106829	-0.5066176786842528	-0.0005717257167853901	-2.900136047706074e-07	0.489988934009364	0.4946103962344656	0.4959058385823485	0.5145553582038034	0.5581149051254336	0.4357324336230393	0.4705279605311553	0.470014463481982	0.4899849464224247	0.04970085035800895	0.5039533980539146	0.5414632399245589	0.5082757290625621	0.4914003034662755	0.4979186903787281	0.4886580974340713	0.5575598735793179	0.500066800821219	0.4820944447779702	0.4075268062091933	0.4430761730384633	0.4860040280869957	0.4891095269345614	0.473103970826676	0.5281642508706739	0.61748352136312	0.4123709654275139	0.4404549972671028	0.4464592948938192	0.4797654679241119	0.04950325333251937	0.5079900306965338	0.5966144106300699	0.518915594231903	0.4852929937097639	0.5264379947361272	0.4754972093583658	0.6153794054900013	0.5073227074052389	0.4737003917450215	0.370510327503756	0.4351156153908272
0.2972666666666661	1.16253435125588	0.3580843386278917	-0.2480264607953669	0.1181616296642123	-0.1627856922975885	-0.2268230020999908	0.8918090438434592	-0.7610774267657441	-0.2501574204100303	-0.4840292147679228	6.488797024310446e-05	1.450068022082951e-07	0.4897678011241357	0.4935349781306821	0.4858086608520394	0.5150992012063986	0.5697224686212764	0.4298514669527537	0.4646463955343484	0.4612463680475812	0.487986680584531	0.04967748971615485	0.5047432567705566	0.5507200570456856	0.5122043347845696	0.4886185512185096	0.5052051659957444	0.4870209582546196	0.5694452942799291	0.4994093017970818	0.4814741449669372	0.4018899612150116	0.4426029264665978	0.4911693316213155	0.4872222337634647	0.39930147742001	0.5080472657844758	0.6379372634650899	0.3890198170152869	0.4301243184742036	0.3896855765425441	0.4762559432653796	0.04971281215227822	0.5093838697649079	0.5977216976935942	0.5442205722359694	0.4646112227867003	0.5562846293688494	0.4819385133337273	0.6421081035065247	0.4855058467027679	0.4827683331020471	0.3765823433897645	0.4450735676476034
0.3005333333333327	1.165216290116533	0.3555585196310245	-0.2488041605658632	0.1167071214657817	-0.1627839391200452	-0.2268230020999908	0.7376126207436263	-0.7756482958732245	-0.214681154362477	-0.3954950603428753	0.001069882911534525	-2.900136047814221e-07	0.4904439579845878	0.4923243140268268	0.4650937608891146	0.5122013162397689	0.5828026180280719	0.4210582937893007	0.4580234723927119	0.4444773029808222	0.4857366493111023	0.04971621629382635	0.5056337187475712	0.5586194439634116	0.5196929563005395	0.4828545648001583	0.5162474857950957	0.4867295286333728	0.583801666354407	0.495226416733066	0.4824679323283098	0.3982052099490654	0.4438679643079776	0.4963346351556357	0.4853349405923683	0.3254989840133443	0.4879302806982781	0.6583910055670603	0.3656686686030601	0.4197936396813046	0.3329118581912692	0.4727464186066476	0.04992237097203707	0.5107777088332823	0.5988289847571187	0.569525550240036	0.4439294518636371	0.5861312640015719	0.4883798173090891	0.6688368015230486	0.4636889860002971	0.4918362744590732	0.3826543592757735	0.4550315199043799
0.3037999999999993	1.167261953607361	0.3530959273525567	-0.249311226703627	0.1156578875029661	-0.1627853514158717	-0.2268230020999908	0.5085551217175669	-0.7242943632980695	-0.07823212146453531	-0.240902651205574	-0.00111355405211159	1.450068023418051e-07	0.4916925400194414	0.4911340468695435	0.4395659966001225	0.5073485411649735	0.595688692065083	0.4110154161349289	0.4515056811023418	0.4245631300177914	0.4835210989733565	0.04979943673064504	0.5065119266353232	0.5644627838428841	0.5292224675841271	0.4758755389551248	0.5310181685581925	0.4872098661109035	0.598419124167286	0.490230022081513	0.4854933950903866	0.3973244016931779	0.4465840429657651	0.4994907916646422	0.4849995508431231	0.2984139335874285	0.4783401374677387	0.6622651593015048	0.3559479777693417	0.4178896945109723	0.3169706843157228	0.472084842663328	0.05012897584526477	0.5110512271598557	0.5890387304697656	0.5841613353411933	0.4379729657296456	0.6231789522725686	0.4907923567045651	0.6746185607021858	0.466568337279928	0.5090225932551171	0.4025959355758404	0.4651043472961116
0.307066666666666	1.16849782553252	0.3508772068647624	-0.249200712610446	0.115172361613718	-0.162785850474665	-0.2268230020999908	0.2418218662524325	-0.626339036277161	0.1634291911139082	-0.05036766836279073	0.00162900762570367	-2.900136047745368e-07	0.4932588892003017	0.4900861844684904	0.4137756540736994	0.5017063941285282	0.6070741083562493	0.401025894585807	0.4457565634374942	0.4053102304389517	0.4815644156400812	0.04991554374124262	0.5072894111256518	0.5677024618921109	0.5396019898358371	0.4690667653220171	0.549495371300834	0.4880120659200966	0.6115652338391876	0.4865458462252318	0.4908776953887933	0.399915052715358	0.4505260546745652	0.5026469481736485	0.4846641610938777	0.2713288831615124	0.468749994237199	0.6661393130359491	0.3462272869356232	0.4159857493406398	0.3010295104401762	0.4714232667200082	0.05033558071849245	0.5113247454864289	0.5792484761824126	0.5987971204423503	0.4320164795956539	0.6602266405435651	0.4932048961000409	0.680400319881323	0.4694476885595588	0.5262089120511607	0.4225375118759072	0.475177174687843
0.3103333333333327	1.168822857916851	0.3490394701181395	-0.2481548914892978	0.1153533563135421	-0.1627820416864018	-0.2268230020999908	-0.03509590080963048	-0.5107773807814197	0.4592897571062973	0.1468263031026777	0.0001041419027023714	1.450068023832125e-07	0.4935822499632375	0.4893787722972455	0.4043655081538046	0.5002432429876044	0.6148324830243465	0.3954493365263728	0.4418573463466424	0.4002697502302064	0.4802323148566016	0.04994934262539451	0.50782201888415	0.5682101804181097	0.5461998080044622	0.4674890350276404	0.569049383864379	0.4867502723896107	0.6193947246191602	0.4907344602899305	0.4976795388711976	0.4020204969677178	0.4509044012339671	0.4881641754225277	0.4869324160804464	0.4384635558305217	0.5157511051139463	0.6420968769943791	0.3876229385442161	0.4282752660708962	0.4449858338507813	0.4755612126334525	0.04977548255122243	0.5097088005280747	0.5627458519171388	0.5608866984284278	0.4856464893960276	0.6738908327236811	0.4683251539097779	0.638184228764366	0.5517531514418192	0.5370958392672608	0.4031271554815993	0.4316487863841296
0.3135999999999993	1.168319012417467	0.3474619143720328	-0.2463148735535727	0.1160378444083261	-0.1627890819903682	-0.2268230020999908	-0.2656543890832473	-0.4670445461651845	0.6496721388140376	0.2578935938574697	-0.005013293739409202	-2.900136047805486e-07	0.491439161844706	0.4891670566748461	0.424383256925425	0.5068542380288045	0.6172967480375936	0.3977027813196438	0.4406555549686644	0.4200634556683699	0.4798114753786549	0.04982484473936373	0.5079967471303418	0.5658854082441876	0.545385270619519	0.4751093810946235	0.5876195986143129	0.4815542389843444	0.6188929189324575	0.5079379156891088	0.5051610464541009	0.400539922965313	0.4439646012343451	0.4736814026714068	0.4892006710670149	0.6055982284995308	0.5627522159906934	0.6180544409528089	0.4290185901528089	0.4405647828011525	0.5889421572613862	0.4796991585468965	0.04921538438395242	0.5080928555697202	0.5462432276518647	0.5229762764145048	0.539276499196401	0.6875550249037971	0.4434454117195147	0.5959681376474089	0.6340586143240795	0.5479827664833606	0.3837167990872911	0.388120398080416
0.316866666666666	1.167205873895915	0.3458800747537731	-0.2441398046907872	0.1169157240055017	-0.1627815057746263	-0.2268230020999908	-0.4115979423506896	-0.5016435556301746	0.6677081612227848	0.2823321043550815	0.004950519419505913	1.450068023893419e-07	0.4895611205739258	0.4891079826068483	0.4413763629680869	0.510577619284181	0.6182043223115412	0.3997536707562794	0.4402701344528682	0.4329042076104097	0.479662531192357	0.04975380391280343	0.5080688749975486	0.5550874771750143	0.5480740351085135	0.4799787505918859	0.6041769225922665	0.4784215747123879	0.6179352669078032	0.5270301711758192	0.5184314579619864	0.4011047467736187	0.4341074074987733	0.4862486422651201	0.4884435156572935	0.4518168922119749	0.4975634654535574	0.6272024204752155	0.3920769025526926	0.4362274128360824	0.4105750723247391	0.4781735484689165	0.04986901070128062	0.5087503717616303	0.458002334293711	0.5980831221111589	0.4714145154987992	0.6871594294814672	0.4809236158531517	0.6293484922297625	0.6121551827479276	0.6200698978282908	0.4230283054538458	0.3814751914719117
0.3201333333333327	1.165657744714951	0.3441831060165576	-0.2420459043911515	0.117900370329732	-0.1627874535853514	-0.2268230020999908	-0.531975200968074	-0.5375317618525831	0.5999771001509667	0.3232609777684448	-0.01329330994367398	-2.900136047788383e-07	0.4900893409731033	0.4889326310236947	0.4299046037136575	0.5028196244443601	0.6204851996213671	0.3953061598667856	0.4392265820231559	0.413877526597774	0.4792842897756178	0.04987590920976651	0.508238516981068	0.5313954979643213	0.5628229568675628	0.4727307324067426	0.6179155528911359	0.4820537630362856	0.6226960621413024	0.5392898672733175	0.5414931369366608	0.408128102140164	0.4247820586206114	0.4988158818588337	0.4876863602475726	0.2980355559244192	0.4323747149164218	0.6363503999976223	0.3551352149525764	0.4318900428710126	0.2322079873880924	0.4766479383909366	0.05052263701860882	0.5094078879535406	0.3697614409355575	0.6731899678078133	0.4035525318011976	0.6867638340591377	0.518401819986789	0.6627288468121163	0.590251751171776	0.6921570291732213	0.4623398118204007	0.3748299848634076
0.3233999999999994	1.164027640934427	0.3419416944900561	-0.2405221448328522	0.1186053445009104	-0.1627839685140942	-0.2268230020999908	-0.4967330391738725	-0.730391637842744	0.4328045364838076	0.2063108748249469	0.00797421281461822	1.450068023892766e-07	0.4906698792328668	0.489196633913536	0.4270192425408452	0.4970482723417416	0.6180191832919029	0.394328188320148	0.4405854312511112	0.3981100279844225	0.4797216623931877	0.04995260879858289	0.5080855902329182	0.5072217730225053	0.5743972973116248	0.4664914293983606	0.6175206710954617	0.4864282165852586	0.6226407084029075	0.5547436139689068	0.5646324978949938	0.420788228404767	0.4191199339256083	0.4886328792967586	0.4932022832518728	0.5208351962831842	0.5018951398009638	0.5765313777907414	0.4218291836213791	0.4620601029641724	0.4011510172483901	0.4868974608948612	0.0498385124126926	0.5053413164345163	0.4011115778592546	0.5939746535113503	0.4651205463647528	0.5480934041923895	0.4988902097796416	0.5841115308163815	0.6720770903365672	0.6700882237570862	0.5049322707368469	0.4058420493600445
0.326666666666666	1.483661319201693	0.07338069644208361	-0.1397931099599002	0.07573113286712199	-0.162784047114568	-0.2268230020999908	-0.6456039816135923	-0.2970352840402224	0.864837700913463	0.6770908504597029	-0.01547514977899623	-2.900136047788285e-07	0.4894574371836722	0.4903355345214467	0.4617557966715888	0.5038217872247774	0.6060066812504489	0.4046314571456901	0.4467453297562159	0.4131297666020785	0.4817936969253111	0.04982652896436998	0.5072807825153445	0.4922941991486479	0.5708536580700394	0.4715494073139034	0.5941157283319285	0.4868238303982484	0.6095082217542106	0.581249567025948	0.5802409509401512	0.438438952824353	0.4195762768363592	0.4784498767346832	0.4987182062561728	0.743634836641949	0.5714155646855056	0.5167123555838601	0.4885231522901816	0.492230163057332	0.5700940471086876	0.4971469833987855	0.04915438780677639	0.5012747449154916	0.4324617147829513	0.514759339214887	0.5266885609283077	0.4094229743256412	0.4793785995724939	0.5054942148206465	0.7539024295013581	0.6480194183409508	0.5475247296532928	0.4368541138566812
